Alternating,Fibered,Crossing Number,Unknotting Number,Genus-3D,Crosscap Number,Bridge Index,Braid Index,Braid Length,Signature,Nakanishi Index,Arc Index,Tunnel Number,Morse-Novikov Number,Genus-4D,Genus-4D (Top.),Concordance Genus,Determinant,Rasmussen s,Ozsvath-Szabo tau,Volume,Arf Invariant,Turaev Genus,Small or Large,Positive Braid,Positive,SQ-Positive,Q-Positive,Width,L-space,Epsilon,Quasialternating,Almost Alternating,Double Slice Genus
1.0,1.0,3.0,1.0,1.0,1.0,2.0,2.0,3.0,-2.0,1.0,5.0,1.0,0.0,1.0,1.0,1.0,3.0,2.0,1.0,0.0,1.0,0.0,0.0,1.0,1.0,1.0,1.0,8.0,1.0,1.0,1.0,0.0,2.0
1.0,1.0,4.0,1.0,1.0,2.0,2.0,3.0,4.0,0.0,1.0,6.0,1.0,0.0,1.0,1.0,1.0,5.0,0.0,0.0,2.029883213,1.0,0.0,0.0,0.0,0.0,0.0,0.0,8.0,0.0,0.0,1.0,0.0,2.0
1.0,1.0,5.0,2.0,2.0,1.0,2.0,2.0,5.0,-4.0,1.0,7.0,1.0,0.0,2.0,2.0,2.0,5.0,4.0,2.0,0.0,1.0,0.0,0.0,1.0,1.0,1.0,1.0,8.0,1.0,1.0,1.0,0.0,4.0
1.0,0.0,5.0,1.0,1.0,2.0,2.0,3.0,6.0,-2.0,1.0,7.0,1.0,2.0,1.0,1.0,1.0,7.0,2.0,1.0,2.828122088,0.0,0.0,0.0,0.0,1.0,1.0,1.0,8.0,0.0,1.0,1.0,0.0,2.0
1.0,0.0,6.0,1.0,1.0,2.0,2.0,4.0,7.0,0.0,1.0,8.0,1.0,2.0,0.0,0.0,0.0,9.0,0.0,0.0,3.163963229,0.0,0.0,0.0,0.0,0.0,0.0,0.0,8.0,0.0,0.0,1.0,0.0,1.0
1.0,1.0,6.0,1.0,2.0,2.0,2.0,3.0,6.0,-2.0,1.0,8.0,1.0,0.0,1.0,1.0,2.0,11.0,2.0,1.0,4.400832516,1.0,0.0,0.0,0.0,0.0,0.0,0.0,8.0,0.0,1.0,1.0,0.0,2.0
1.0,1.0,6.0,1.0,2.0,3.0,2.0,3.0,6.0,0.0,1.0,8.0,1.0,0.0,1.0,1.0,2.0,13.0,0.0,0.0,5.693021091,1.0,0.0,0.0,0.0,0.0,0.0,0.0,8.0,0.0,0.0,1.0,0.0,2.0
1.0,1.0,7.0,3.0,3.0,1.0,2.0,2.0,7.0,-6.0,1.0,9.0,1.0,0.0,3.0,3.0,3.0,7.0,6.0,3.0,0.0,0.0,0.0,0.0,1.0,1.0,1.0,1.0,8.0,1.0,1.0,1.0,0.0,6.0
1.0,0.0,7.0,1.0,1.0,2.0,2.0,4.0,9.0,-2.0,1.0,9.0,1.0,2.0,1.0,1.0,1.0,11.0,2.0,1.0,3.331744232,1.0,0.0,0.0,0.0,1.0,1.0,1.0,8.0,0.0,1.0,1.0,0.0,2.0
1.0,0.0,7.0,2.0,2.0,2.0,2.0,3.0,8.0,-4.0,1.0,9.0,1.0,2.0,2.0,2.0,2.0,13.0,4.0,2.0,4.592125697,1.0,0.0,0.0,0.0,1.0,1.0,1.0,8.0,0.0,1.0,1.0,0.0,4.0
1.0,0.0,7.0,2.0,1.0,3.0,2.0,4.0,9.0,-2.0,1.0,9.0,1.0,2.0,1.0,1.0,1.0,15.0,2.0,1.0,5.137941202,0.0,0.0,0.0,0.0,1.0,1.0,1.0,8.0,0.0,1.0,1.0,0.0,2.0
1.0,0.0,7.0,2.0,2.0,3.0,2.0,3.0,8.0,-4.0,1.0,9.0,1.0,2.0,2.0,2.0,2.0,17.0,4.0,2.0,6.443537381,0.0,0.0,0.0,0.0,1.0,1.0,1.0,8.0,0.0,1.0,1.0,0.0,4.0
1.0,1.0,7.0,1.0,2.0,3.0,2.0,4.0,7.0,-2.0,1.0,9.0,1.0,0.0,1.0,1.0,2.0,19.0,2.0,1.0,7.084925954,1.0,0.0,0.0,0.0,0.0,0.0,0.0,8.0,0.0,1.0,1.0,0.0,2.0
1.0,1.0,7.0,1.0,2.0,3.0,2.0,4.0,7.0,0.0,1.0,9.0,1.0,0.0,1.0,1.0,2.0,21.0,0.0,0.0,7.643375172,1.0,0.0,0.0,0.0,0.0,0.0,0.0,8.0,0.0,0.0,1.0,0.0,2.0
1.0,0.0,8.0,1.0,1.0,2.0,2.0,5.0,10.0,0.0,1.0,10.0,1.0,2.0,1.0,1.0,1.0,13.0,0.0,0.0,3.427205246,1.0,0.0,0.0,0.0,0.0,0.0,0.0,8.0,0.0,0.0,1.0,0.0,2.0
1.0,1.0,8.0,2.0,3.0,2.0,2.0,3.0,8.0,-4.0,1.0,10.0,1.0,0.0,2.0,2.0,3.0,17.0,4.0,2.0,4.935242678,0.0,0.0,0.0,0.0,0.0,0.0,0.0,8.0,0.0,1.0,1.0,0.0,4.0
1.0,0.0,8.0,2.0,1.0,3.0,2.0,5.0,10.0,0.0,1.0,10.0,1.0,2.0,1.0,1.0,1.0,17.0,0.0,0.0,5.238684101,0.0,0.0,0.0,0.0,0.0,0.0,0.0,8.0,0.0,0.0,1.0,0.0,2.0
1.0,0.0,8.0,2.0,2.0,2.0,2.0,4.0,9.0,2.0,1.0,10.0,1.0,2.0,1.0,1.0,2.0,19.0,-2.0,-1.0,5.500486416,1.0,0.0,0.0,0.0,0.0,0.0,0.0,8.0,0.0,-1.0,1.0,0.0,2.0
1.0,1.0,8.0,2.0,3.0,2.0,3.0,3.0,8.0,-4.0,1.0,10.0,1.0,0.0,2.0,2.0,3.0,21.0,4.0,2.0,6.997189148,1.0,0.0,0.0,0.0,0.0,0.0,0.0,18.0,0.0,1.0,1.0,0.0,4.0
1.0,0.0,8.0,2.0,2.0,3.0,2.0,4.0,9.0,-2.0,1.0,10.0,1.0,2.0,1.0,1.0,2.0,23.0,2.0,1.0,7.47523743,0.0,0.0,0.0,0.0,0.0,0.0,0.0,8.0,0.0,1.0,1.0,0.0,2.0
1.0,1.0,8.0,1.0,3.0,3.0,2.0,3.0,8.0,2.0,1.0,10.0,1.0,0.0,1.0,1.0,3.0,23.0,-2.0,-1.0,7.022196589,0.0,0.0,0.0,0.0,0.0,0.0,0.0,8.0,0.0,-1.0,1.0,0.0,2.0
1.0,0.0,8.0,2.0,2.0,3.0,2.0,4.0,9.0,0.0,1.0,10.0,1.0,2.0,0.0,0.0,0.0,25.0,0.0,0.0,7.801341224,0.0,0.0,0.0,0.0,0.0,0.0,0.0,8.0,0.0,0.0,1.0,0.0,1.0
1.0,1.0,8.0,1.0,3.0,3.0,2.0,3.0,8.0,0.0,1.0,10.0,1.0,0.0,0.0,0.0,0.0,25.0,0.0,0.0,7.588180224,0.0,0.0,0.0,0.0,0.0,0.0,0.0,8.0,0.0,0.0,1.0,0.0,1.0
1.0,1.0,8.0,2.0,3.0,3.0,3.0,3.0,8.0,2.0,1.0,10.0,1.0,0.0,1.0,1.0,1.0,27.0,-2.0,-1.0,8.651148558,1.0,0.0,0.0,0.0,0.0,0.0,0.0,18.0,0.0,-1.0,1.0,0.0,2.0
1.0,0.0,8.0,1.0,2.0,3.0,2.0,4.0,9.0,-2.0,1.0,10.0,1.0,2.0,1.0,1.0,1.0,27.0,2.0,1.0,8.286316818,1.0,0.0,0.0,0.0,0.0,0.0,0.0,8.0,0.0,1.0,1.0,0.0,2.0
1.0,1.0,8.0,2.0,2.0,4.0,2.0,5.0,8.0,0.0,1.0,10.0,1.0,0.0,1.0,1.0,2.0,29.0,0.0,0.0,8.935856928,1.0,0.0,0.0,0.0,0.0,0.0,0.0,8.0,0.0,0.0,1.0,0.0,2.0
1.0,0.0,8.0,1.0,2.0,3.0,2.0,4.0,9.0,0.0,1.0,10.0,1.0,2.0,1.0,1.0,2.0,29.0,0.0,0.0,8.531232202,1.0,0.0,0.0,0.0,0.0,0.0,0.0,8.0,0.0,0.0,1.0,0.0,2.0
1.0,0.0,8.0,1.0,2.0,4.0,2.0,4.0,9.0,-2.0,1.0,10.0,1.0,2.0,1.0,1.0,2.0,31.0,2.0,1.0,9.217800316,0.0,0.0,0.0,0.0,0.0,0.0,0.0,8.0,0.0,1.0,1.0,0.0,2.0
1.0,0.0,8.0,2.0,2.0,4.0,3.0,4.0,9.0,-4.0,1.0,10.0,1.0,2.0,2.0,2.0,2.0,33.0,4.0,2.0,9.930648294,0.0,0.0,0.0,0.0,1.0,1.0,1.0,18.0,0.0,1.0,1.0,0.0,4.0
1.0,1.0,8.0,2.0,3.0,3.0,3.0,3.0,8.0,2.0,1.0,10.0,2.0,0.0,1.0,1.0,3.0,35.0,-2.0,-1.0,10.57902192,1.0,0.0,1.0,0.0,0.0,0.0,0.0,18.0,0.0,-1.0,1.0,0.0,2.0
1.0,1.0,8.0,1.0,3.0,4.0,3.0,3.0,8.0,0.0,1.0,10.0,2.0,0.0,1.0,1.0,3.0,37.0,0.0,0.0,10.98590761,1.0,0.0,1.0,0.0,0.0,0.0,0.0,18.0,0.0,0.0,1.0,0.0,2.0
1.0,1.0,8.0,2.0,3.0,4.0,3.0,3.0,8.0,0.0,2.0,10.0,2.0,0.0,1.0,1.0,3.0,45.0,0.0,0.0,12.35090621,1.0,0.0,0.0,0.0,0.0,0.0,0.0,18.0,0.0,0.0,1.0,0.0,2.0
0.0,1.0,8.0,3.0,3.0,2.0,3.0,3.0,8.0,-6.0,1.0,7.0,1.0,0.0,3.0,3.0,3.0,3.0,6.0,3.0,0.0,1.0,1.0,0.0,1.0,1.0,1.0,1.0,18.0,1.0,1.0,0.0,1.0,6.0
0.0,1.0,8.0,1.0,2.0,2.0,3.0,3.0,8.0,0.0,1.0,8.0,1.0,0.0,0.0,0.0,0.0,9.0,0.0,0.0,4.124903252,0.0,1.0,0.0,0.0,0.0,0.0,1.0,18.0,0.0,0.0,1.0,1.0,1.0
0.0,1.0,8.0,1.0,2.0,3.0,3.0,3.0,8.0,-2.0,1.0,8.0,1.0,0.0,1.0,1.0,2.0,15.0,2.0,1.0,6.78371352,0.0,1.0,0.0,0.0,0.0,0.0,1.0,18.0,0.0,1.0,1.0,1.0,2.0
1.0,1.0,9.0,4.0,4.0,1.0,2.0,2.0,9.0,-8.0,1.0,11.0,1.0,0.0,4.0,4.0,4.0,9.0,8.0,4.0,0.0,0.0,0.0,0.0,1.0,1.0,1.0,1.0,8.0,1.0,1.0,1.0,0.0,8.0
1.0,0.0,9.0,1.0,1.0,2.0,2.0,5.0,12.0,-2.0,1.0,11.0,1.0,2.0,1.0,1.0,1.0,15.0,2.0,1.0,3.486660146,0.0,0.0,0.0,0.0,1.0,1.0,1.0,8.0,0.0,1.0,1.0,0.0,2.0
1.0,0.0,9.0,3.0,3.0,2.0,2.0,3.0,10.0,-6.0,1.0,11.0,1.0,2.0,3.0,3.0,3.0,19.0,6.0,3.0,4.994856404,1.0,0.0,0.0,0.0,1.0,1.0,1.0,8.0,0.0,1.0,1.0,0.0,6.0
1.0,0.0,9.0,2.0,2.0,2.0,2.0,4.0,11.0,-4.0,1.0,11.0,1.0,2.0,2.0,2.0,2.0,21.0,4.0,2.0,5.556518816,1.0,0.0,0.0,0.0,1.0,1.0,1.0,8.0,0.0,1.0,1.0,0.0,4.0
1.0,0.0,9.0,2.0,1.0,3.0,2.0,5.0,12.0,-2.0,1.0,11.0,1.0,2.0,1.0,1.0,1.0,23.0,2.0,1.0,5.698441751,0.0,0.0,0.0,0.0,1.0,1.0,1.0,8.0,0.0,1.0,1.0,0.0,2.0
1.0,0.0,9.0,3.0,3.0,3.0,2.0,3.0,10.0,-6.0,1.0,11.0,1.0,2.0,3.0,3.0,3.0,27.0,6.0,3.0,7.203600762,1.0,0.0,0.0,0.0,1.0,1.0,1.0,8.0,0.0,1.0,1.0,0.0,6.0
1.0,0.0,9.0,2.0,2.0,3.0,2.0,4.0,11.0,-4.0,1.0,11.0,1.0,2.0,2.0,2.0,2.0,29.0,4.0,2.0,8.014861458,1.0,0.0,0.0,0.0,1.0,1.0,1.0,8.0,0.0,1.0,1.0,0.0,4.0
1.0,0.0,9.0,2.0,2.0,3.0,2.0,5.0,10.0,-2.0,1.0,11.0,1.0,2.0,1.0,1.0,2.0,31.0,2.0,1.0,8.192347962,0.0,0.0,0.0,0.0,0.0,0.0,0.0,8.0,0.0,1.0,1.0,0.0,2.0
1.0,0.0,9.0,3.0,3.0,3.0,2.0,3.0,10.0,-6.0,1.0,11.0,1.0,2.0,3.0,3.0,3.0,31.0,6.0,3.0,8.016815566,0.0,0.0,0.0,0.0,1.0,1.0,1.0,8.0,0.0,1.0,1.0,0.0,6.0
1.0,0.0,9.0,3.0,2.0,3.0,2.0,4.0,11.0,-4.0,1.0,11.0,1.0,2.0,2.0,2.0,2.0,33.0,4.0,2.0,8.773457282,0.0,0.0,0.0,0.0,1.0,1.0,1.0,8.0,0.0,1.0,1.0,0.0,4.0
1.0,1.0,9.0,2.0,3.0,3.0,2.0,4.0,9.0,4.0,1.0,11.0,1.0,0.0,2.0,2.0,3.0,33.0,-4.0,-2.0,8.288589043,0.0,0.0,0.0,0.0,0.0,0.0,0.0,8.0,0.0,-1.0,1.0,0.0,4.0
1.0,0.0,9.0,1.0,2.0,3.0,2.0,5.0,10.0,-2.0,1.0,11.0,1.0,2.0,1.0,1.0,2.0,35.0,2.0,1.0,8.836642344,1.0,0.0,0.0,0.0,0.0,0.0,0.0,8.0,0.0,1.0,1.0,0.0,2.0
1.0,0.0,9.0,3.0,2.0,3.0,2.0,4.0,11.0,-4.0,1.0,11.0,1.0,2.0,2.0,2.0,2.0,37.0,4.0,2.0,9.135094038,1.0,0.0,0.0,0.0,1.0,1.0,1.0,8.0,0.0,1.0,1.0,0.0,4.0
1.0,0.0,9.0,1.0,2.0,3.0,2.0,5.0,10.0,0.0,1.0,11.0,1.0,2.0,1.0,1.0,2.0,37.0,0.0,0.0,8.954989262,1.0,0.0,0.0,0.0,0.0,0.0,0.0,8.0,0.0,0.0,1.0,0.0,2.0
1.0,0.0,9.0,2.0,2.0,4.0,2.0,5.0,10.0,2.0,1.0,11.0,1.0,2.0,1.0,1.0,2.0,39.0,-2.0,-1.0,9.88549866,0.0,0.0,0.0,0.0,0.0,0.0,0.0,8.0,0.0,-1.0,1.0,0.0,2.0
1.0,0.0,9.0,3.0,3.0,3.0,3.0,3.0,10.0,-6.0,1.0,11.0,1.0,2.0,3.0,3.0,3.0,39.0,6.0,3.0,9.88300696,0.0,0.0,0.0,0.0,1.0,1.0,1.0,18.0,0.0,1.0,1.0,0.0,6.0
1.0,1.0,9.0,2.0,3.0,3.0,2.0,4.0,9.0,-2.0,1.0,11.0,1.0,0.0,1.0,1.0,3.0,39.0,2.0,1.0,9.474580454,0.0,0.0,0.0,0.0,0.0,0.0,0.0,8.0,0.0,1.0,1.0,0.0,2.0
1.0,0.0,9.0,2.0,2.0,4.0,2.0,4.0,11.0,-4.0,1.0,11.0,1.0,2.0,2.0,2.0,2.0,41.0,4.0,2.0,10.05772964,0.0,0.0,0.0,0.0,1.0,1.0,1.0,8.0,0.0,1.0,1.0,0.0,4.0
1.0,0.0,9.0,1.0,2.0,4.0,2.0,5.0,10.0,0.0,1.0,11.0,1.0,2.0,1.0,1.0,2.0,41.0,0.0,0.0,10.03254745,0.0,0.0,0.0,0.0,0.0,0.0,0.0,8.0,0.0,0.0,1.0,0.0,2.0
1.0,1.0,9.0,2.0,3.0,3.0,2.0,4.0,9.0,-4.0,1.0,11.0,1.0,0.0,2.0,2.0,3.0,41.0,4.0,2.0,9.644304074,0.0,0.0,0.0,0.0,0.0,0.0,0.0,8.0,0.0,1.0,1.0,0.0,4.0
1.0,0.0,9.0,1.0,2.0,4.0,2.0,5.0,10.0,2.0,1.0,11.0,1.0,2.0,1.0,1.0,2.0,43.0,-2.0,-1.0,10.18326554,1.0,0.0,0.0,0.0,0.0,0.0,0.0,8.0,0.0,-1.0,1.0,0.0,2.0
1.0,1.0,9.0,1.0,3.0,3.0,3.0,4.0,9.0,-2.0,1.0,11.0,1.0,0.0,1.0,1.0,3.0,43.0,2.0,1.0,10.62072702,1.0,0.0,0.0,0.0,0.0,0.0,0.0,18.0,0.0,1.0,1.0,0.0,2.0
1.0,0.0,9.0,2.0,2.0,4.0,2.0,4.0,11.0,-4.0,1.0,11.0,1.0,2.0,2.0,2.0,2.0,45.0,4.0,2.0,10.61134829,1.0,0.0,0.0,0.0,1.0,1.0,1.0,8.0,0.0,1.0,1.0,0.0,4.0
1.0,1.0,9.0,1.0,3.0,4.0,3.0,4.0,9.0,0.0,1.0,11.0,1.0,0.0,1.0,1.0,1.0,45.0,0.0,0.0,10.83372911,1.0,0.0,0.0,0.0,0.0,0.0,0.0,18.0,0.0,0.0,1.0,0.0,2.0
1.0,0.0,9.0,2.0,2.0,4.0,3.0,5.0,10.0,-2.0,1.0,11.0,1.0,2.0,1.0,1.0,2.0,47.0,2.0,1.0,11.39030515,0.0,0.0,0.0,0.0,0.0,0.0,0.0,18.0,0.0,1.0,1.0,0.0,2.0
1.0,1.0,9.0,1.0,3.0,4.0,2.0,4.0,9.0,2.0,1.0,11.0,1.0,0.0,1.0,1.0,3.0,47.0,-2.0,-1.0,10.59584052,0.0,0.0,0.0,0.0,0.0,0.0,0.0,8.0,0.0,-1.0,1.0,0.0,2.0
1.0,1.0,9.0,1.0,3.0,4.0,2.0,4.0,9.0,0.0,1.0,11.0,1.0,0.0,0.0,0.0,0.0,49.0,0.0,0.0,10.99998096,0.0,0.0,0.0,0.0,0.0,0.0,0.0,8.0,0.0,0.0,1.0,0.0,1.0
1.0,1.0,9.0,1.0,3.0,4.0,3.0,4.0,9.0,-2.0,1.0,11.0,1.0,0.0,1.0,1.0,3.0,51.0,2.0,1.0,11.56317702,1.0,0.0,0.0,0.0,0.0,0.0,0.0,18.0,0.0,1.0,1.0,0.0,2.0
1.0,1.0,9.0,2.0,3.0,3.0,3.0,4.0,9.0,2.0,1.0,11.0,2.0,0.0,1.0,1.0,3.0,51.0,-2.0,-1.0,12.20585617,1.0,0.0,1.0,0.0,0.0,0.0,0.0,18.0,0.0,-1.0,1.0,0.0,2.0
1.0,1.0,9.0,1.0,3.0,4.0,3.0,4.0,9.0,0.0,1.0,11.0,1.0,0.0,1.0,1.0,3.0,53.0,0.0,0.0,11.95452697,1.0,0.0,0.0,0.0,0.0,0.0,0.0,18.0,0.0,0.0,1.0,0.0,2.0
1.0,1.0,9.0,2.0,3.0,4.0,2.0,4.0,9.0,-2.0,1.0,11.0,1.0,0.0,1.0,1.0,3.0,55.0,2.0,1.0,11.68631221,0.0,0.0,0.0,0.0,0.0,0.0,0.0,8.0,0.0,1.0,1.0,0.0,2.0
1.0,1.0,9.0,2.0,3.0,4.0,3.0,4.0,9.0,2.0,1.0,11.0,2.0,0.0,1.0,1.0,3.0,59.0,-2.0,-1.0,13.09989985,1.0,0.0,1.0,0.0,0.0,0.0,0.0,18.0,0.0,-1.0,1.0,0.0,2.0
1.0,1.0,9.0,1.0,3.0,4.0,3.0,4.0,9.0,0.0,1.0,11.0,2.0,0.0,1.0,1.0,3.0,61.0,0.0,0.0,13.28045564,1.0,0.0,1.0,0.0,0.0,0.0,0.0,18.0,0.0,0.0,1.0,0.0,2.0
1.0,1.0,9.0,1.0,3.0,4.0,3.0,4.0,9.0,0.0,1.0,11.0,2.0,0.0,1.0,1.0,3.0,69.0,0.0,0.0,14.34458139,1.0,0.0,0.0,0.0,0.0,0.0,0.0,18.0,0.0,0.0,1.0,0.0,2.0
1.0,0.0,9.0,3.0,1.0,3.0,3.0,5.0,14.0,-2.0,2.0,11.0,2.0,2.0,1.0,1.0,1.0,27.0,2.0,1.0,7.940579248,1.0,0.0,0.0,0.0,1.0,1.0,1.0,18.0,0.0,1.0,1.0,0.0,2.0
1.0,1.0,9.0,2.0,3.0,3.0,3.0,4.0,9.0,4.0,1.0,11.0,1.0,0.0,2.0,2.0,3.0,37.0,-4.0,-2.0,9.884578653,1.0,0.0,0.0,0.0,0.0,0.0,0.0,18.0,0.0,-1.0,1.0,0.0,4.0
1.0,0.0,9.0,3.0,2.0,4.0,3.0,4.0,11.0,-4.0,2.0,11.0,2.0,2.0,2.0,2.0,2.0,57.0,4.0,2.0,12.9328587,0.0,0.0,1.0,0.0,1.0,1.0,1.0,18.0,0.0,1.0,1.0,0.0,4.0
1.0,0.0,9.0,1.0,2.0,4.0,3.0,5.0,12.0,2.0,1.0,11.0,2.0,2.0,1.0,1.0,2.0,55.0,-2.0,-1.0,12.81031,0.0,0.0,0.0,0.0,0.0,0.0,0.0,18.0,0.0,-1.0,1.0,0.0,2.0
1.0,1.0,9.0,2.0,3.0,4.0,3.0,4.0,9.0,-2.0,2.0,11.0,2.0,0.0,1.0,1.0,3.0,75.0,2.0,1.0,15.01834286,1.0,0.0,0.0,0.0,0.0,0.0,0.0,18.0,0.0,1.0,1.0,0.0,2.0
1.0,0.0,9.0,2.0,2.0,3.0,3.0,5.0,12.0,0.0,2.0,11.0,2.0,2.0,0.0,0.0,0.0,49.0,0.0,0.0,12.09893603,0.0,0.0,0.0,0.0,0.0,0.0,0.0,18.0,0.0,0.0,1.0,0.0,1.0
0.0,1.0,9.0,1.0,2.0,3.0,3.0,4.0,9.0,2.0,1.0,8.0,1.0,0.0,1.0,1.0,2.0,7.0,0.0,0.0,4.056860224,0.0,1.0,0.0,0.0,0.0,0.0,0.0,18.0,0.0,0.0,0.0,1.0,2.0
0.0,1.0,9.0,2.0,3.0,3.0,3.0,4.0,9.0,-4.0,1.0,9.0,1.0,0.0,2.0,2.0,3.0,13.0,4.0,2.0,5.904085859,1.0,1.0,0.0,0.0,0.0,0.0,0.0,18.0,0.0,1.0,1.0,1.0,4.0
0.0,1.0,9.0,1.0,2.0,3.0,3.0,4.0,9.0,0.0,1.0,9.0,1.0,0.0,1.0,1.0,2.0,17.0,0.0,0.0,7.406767572,0.0,1.0,0.0,0.0,0.0,0.0,0.0,18.0,0.0,0.0,1.0,1.0,2.0
0.0,1.0,9.0,1.0,2.0,3.0,3.0,4.0,9.0,2.0,1.0,9.0,1.0,0.0,1.0,1.0,2.0,23.0,-2.0,-1.0,8.602031166,0.0,1.0,0.0,0.0,0.0,0.0,1.0,18.0,0.0,-1.0,1.0,1.0,2.0
0.0,0.0,9.0,2.0,1.0,3.0,3.0,4.0,9.0,0.0,2.0,8.0,2.0,2.0,0.0,0.0,0.0,9.0,0.0,0.0,4.751701966,0.0,1.0,0.0,0.0,0.0,0.0,1.0,18.0,0.0,0.0,0.0,1.0,0.0
0.0,1.0,9.0,2.0,3.0,4.0,3.0,4.0,9.0,-2.0,2.0,9.0,2.0,0.0,1.0,1.0,3.0,27.0,2.0,1.0,10.04995786,1.0,1.0,0.0,0.0,0.0,0.0,0.0,18.0,0.0,1.0,1.0,1.0,2.0
0.0,0.0,9.0,3.0,2.0,3.0,3.0,4.0,11.0,-4.0,2.0,9.0,2.0,2.0,2.0,2.0,2.0,25.0,4.0,2.0,9.427073628,0.0,1.0,0.0,0.0,1.0,1.0,1.0,18.0,0.0,1.0,1.0,1.0,4.0
1.0,0.0,10.0,1.0,1.0,2.0,2.0,6.0,13.0,0.0,1.0,12.0,1.0,2.0,1.0,1.0,1.0,17.0,0.0,0.0,3.526195991,0.0,0.0,0.0,0.0,0.0,0.0,0.0,8.0,0.0,0.0,1.0,0.0,2.0
1.0,1.0,10.0,3.0,4.0,2.0,2.0,3.0,10.0,-6.0,1.0,12.0,1.0,0.0,3.0,3.0,4.0,23.0,6.0,3.0,5.11484146,0.0,0.0,0.0,0.0,0.0,0.0,0.0,8.0,0.0,1.0,1.0,0.0,6.0
1.0,0.0,10.0,2.0,1.0,3.0,2.0,6.0,13.0,0.0,1.0,12.0,1.0,2.0,0.0,0.0,0.0,25.0,0.0,0.0,5.732104787,0.0,0.0,0.0,0.0,0.0,0.0,0.0,8.0,0.0,0.0,1.0,0.0,1.0
1.0,0.0,10.0,2.0,2.0,2.0,2.0,5.0,12.0,2.0,1.0,12.0,1.0,2.0,1.0,1.0,2.0,27.0,-2.0,-1.0,5.817129693,1.0,0.0,0.0,0.0,0.0,0.0,0.0,8.0,0.0,-1.0,1.0,0.0,2.0
1.0,1.0,10.0,2.0,4.0,3.0,2.0,3.0,10.0,4.0,1.0,12.0,1.0,0.0,2.0,2.0,4.0,33.0,-4.0,-2.0,7.373935134,0.0,0.0,0.0,0.0,0.0,0.0,0.0,8.0,0.0,-1.0,1.0,0.0,4.0
1.0,0.0,10.0,3.0,3.0,3.0,2.0,4.0,11.0,-4.0,1.0,12.0,1.0,2.0,2.0,2.0,3.0,37.0,4.0,2.0,8.390937607,1.0,0.0,0.0,0.0,0.0,0.0,0.0,8.0,0.0,1.0,1.0,0.0,4.0
1.0,0.0,10.0,1.0,2.0,3.0,2.0,5.0,12.0,-2.0,1.0,12.0,1.0,2.0,1.0,1.0,2.0,43.0,2.0,1.0,9.115906396,1.0,0.0,0.0,0.0,0.0,0.0,0.0,8.0,0.0,1.0,1.0,0.0,2.0
1.0,0.0,10.0,2.0,3.0,2.0,2.0,4.0,11.0,-4.0,1.0,12.0,1.0,2.0,2.0,2.0,3.0,29.0,4.0,2.0,6.083234837,1.0,0.0,0.0,0.0,0.0,0.0,0.0,8.0,0.0,1.0,1.0,0.0,4.0
1.0,1.0,10.0,1.0,4.0,3.0,2.0,3.0,10.0,-2.0,1.0,12.0,1.0,0.0,1.0,1.0,4.0,39.0,2.0,1.0,8.294099675,0.0,0.0,0.0,0.0,0.0,0.0,0.0,8.0,0.0,1.0,1.0,0.0,2.0
1.0,0.0,10.0,1.0,2.0,3.0,2.0,5.0,12.0,0.0,1.0,12.0,1.0,2.0,1.0,1.0,2.0,45.0,0.0,0.0,9.180573644,1.0,0.0,0.0,0.0,0.0,0.0,0.0,8.0,0.0,0.0,1.0,0.0,2.0
1.0,0.0,10.0,2.0,3.0,3.0,2.0,4.0,11.0,2.0,1.0,12.0,1.0,2.0,1.0,1.0,3.0,47.0,-2.0,-1.0,9.817495191,0.0,0.0,0.0,0.0,0.0,0.0,0.0,8.0,0.0,-1.0,1.0,0.0,2.0
1.0,0.0,10.0,2.0,2.0,4.0,2.0,6.0,11.0,0.0,1.0,12.0,1.0,2.0,1.0,1.0,2.0,53.0,0.0,0.0,10.57848019,1.0,0.0,0.0,0.0,0.0,0.0,0.0,8.0,0.0,0.0,1.0,0.0,2.0
1.0,0.0,10.0,2.0,3.0,4.0,2.0,4.0,11.0,-4.0,1.0,12.0,1.0,2.0,2.0,2.0,3.0,57.0,4.0,2.0,10.93768941,0.0,0.0,0.0,0.0,0.0,0.0,0.0,8.0,0.0,1.0,1.0,0.0,4.0
1.0,0.0,10.0,2.0,3.0,3.0,2.0,4.0,11.0,2.0,1.0,12.0,1.0,2.0,1.0,1.0,3.0,43.0,-2.0,-1.0,8.973449326,1.0,0.0,0.0,0.0,0.0,0.0,0.0,8.0,0.0,-1.0,1.0,0.0,2.0
1.0,0.0,10.0,2.0,2.0,3.0,2.0,5.0,12.0,-2.0,1.0,12.0,1.0,2.0,1.0,1.0,2.0,47.0,2.0,1.0,9.546642305,0.0,0.0,0.0,0.0,0.0,0.0,0.0,8.0,0.0,1.0,1.0,0.0,2.0
1.0,1.0,10.0,1.0,4.0,3.0,2.0,3.0,10.0,0.0,1.0,12.0,1.0,0.0,1.0,1.0,4.0,41.0,0.0,0.0,8.536755599,0.0,0.0,0.0,0.0,0.0,0.0,0.0,8.0,0.0,0.0,1.0,0.0,2.0
1.0,0.0,10.0,1.0,2.0,4.0,2.0,5.0,12.0,-2.0,1.0,12.0,1.0,2.0,1.0,1.0,2.0,55.0,2.0,1.0,10.63984427,0.0,0.0,0.0,0.0,0.0,0.0,0.0,8.0,0.0,1.0,1.0,0.0,2.0
1.0,0.0,10.0,2.0,3.0,3.0,2.0,4.0,11.0,-2.0,1.0,12.0,1.0,2.0,1.0,1.0,3.0,51.0,2.0,1.0,9.844771303,1.0,0.0,0.0,0.0,0.0,0.0,0.0,8.0,0.0,1.0,1.0,0.0,2.0
1.0,0.0,10.0,2.0,2.0,3.0,2.0,5.0,12.0,-2.0,1.0,12.0,1.0,2.0,1.0,1.0,2.0,35.0,2.0,1.0,8.317378718,1.0,0.0,0.0,0.0,0.0,0.0,0.0,8.0,0.0,1.0,1.0,0.0,2.0
1.0,0.0,10.0,2.0,3.0,3.0,2.0,4.0,11.0,-4.0,1.0,12.0,1.0,2.0,2.0,2.0,2.0,45.0,4.0,2.0,9.675141144,1.0,0.0,0.0,0.0,0.0,0.0,0.0,8.0,0.0,1.0,1.0,0.0,4.0
1.0,0.0,10.0,2.0,3.0,3.0,2.0,4.0,11.0,0.0,1.0,12.0,1.0,2.0,0.0,0.0,0.0,49.0,0.0,0.0,9.981866518,0.0,0.0,0.0,0.0,0.0,0.0,0.0,8.0,0.0,0.0,1.0,0.0,1.0
1.0,0.0,10.0,1.0,3.0,4.0,2.0,4.0,11.0,2.0,1.0,12.0,1.0,2.0,1.0,1.0,3.0,59.0,-2.0,-1.0,11.39322463,1.0,0.0,0.0,0.0,0.0,0.0,0.0,8.0,0.0,-1.0,1.0,0.0,2.0
1.0,0.0,10.0,2.0,2.0,4.0,2.0,5.0,12.0,-2.0,1.0,12.0,1.0,2.0,1.0,1.0,2.0,55.0,2.0,1.0,10.97745474,0.0,0.0,0.0,0.0,0.0,0.0,0.0,8.0,0.0,1.0,1.0,0.0,2.0
1.0,0.0,10.0,2.0,3.0,4.0,2.0,4.0,11.0,-4.0,1.0,12.0,1.0,2.0,2.0,2.0,3.0,65.0,4.0,2.0,11.8757796,0.0,0.0,0.0,0.0,0.0,0.0,0.0,8.0,0.0,1.0,1.0,0.0,4.0
1.0,0.0,10.0,1.0,3.0,4.0,2.0,4.0,11.0,0.0,1.0,12.0,1.0,2.0,1.0,1.0,3.0,61.0,0.0,0.0,11.35201756,1.0,0.0,0.0,0.0,0.0,0.0,0.0,8.0,0.0,0.0,1.0,0.0,2.0
1.0,0.0,10.0,1.0,3.0,4.0,2.0,4.0,11.0,2.0,1.0,12.0,1.0,2.0,1.0,1.0,3.0,71.0,-2.0,-1.0,12.38413197,0.0,0.0,0.0,0.0,0.0,0.0,0.0,8.0,0.0,-1.0,1.0,0.0,2.0
1.0,0.0,10.0,2.0,2.0,3.0,2.0,5.0,12.0,0.0,1.0,12.0,1.0,2.0,1.0,1.0,2.0,53.0,0.0,0.0,10.26467495,1.0,0.0,0.0,0.0,0.0,0.0,0.0,8.0,0.0,0.0,1.0,0.0,2.0
1.0,1.0,10.0,2.0,3.0,4.0,2.0,5.0,10.0,-2.0,1.0,12.0,1.0,0.0,1.0,1.0,3.0,63.0,2.0,1.0,11.60290525,0.0,0.0,0.0,0.0,0.0,0.0,0.0,8.0,0.0,1.0,1.0,0.0,2.0
1.0,0.0,10.0,1.0,2.0,4.0,2.0,5.0,12.0,-2.0,1.0,12.0,1.0,2.0,1.0,1.0,2.0,67.0,2.0,1.0,11.82875757,1.0,0.0,0.0,0.0,0.0,0.0,0.0,8.0,0.0,1.0,1.0,0.0,2.0
1.0,0.0,10.0,1.0,2.0,4.0,2.0,5.0,12.0,0.0,1.0,12.0,1.0,2.0,1.0,1.0,2.0,57.0,0.0,0.0,11.04426403,0.0,0.0,0.0,0.0,0.0,0.0,0.0,8.0,0.0,0.0,1.0,0.0,2.0
1.0,0.0,10.0,1.0,3.0,4.0,2.0,4.0,11.0,0.0,1.0,12.0,1.0,2.0,1.0,1.0,3.0,69.0,0.0,0.0,12.09093687,1.0,0.0,0.0,0.0,0.0,0.0,0.0,8.0,0.0,0.0,1.0,0.0,2.0
1.0,0.0,10.0,1.0,2.0,4.0,2.0,5.0,12.0,0.0,1.0,12.0,1.0,2.0,1.0,1.0,2.0,65.0,0.0,0.0,11.53567393,0.0,0.0,0.0,0.0,0.0,0.0,0.0,8.0,0.0,0.0,1.0,0.0,2.0
1.0,0.0,10.0,2.0,2.0,3.0,2.0,5.0,12.0,0.0,1.0,12.0,1.0,2.0,1.0,1.0,2.0,37.0,0.0,0.0,8.422266668,1.0,0.0,0.0,0.0,0.0,0.0,0.0,8.0,0.0,0.0,1.0,0.0,2.0
1.0,0.0,10.0,2.0,2.0,4.0,2.0,6.0,11.0,0.0,1.0,12.0,1.0,2.0,0.0,0.0,0.0,49.0,0.0,0.0,10.39449679,0.0,0.0,0.0,0.0,0.0,0.0,0.0,8.0,0.0,0.0,1.0,0.0,1.0
1.0,0.0,10.0,2.0,2.0,4.0,2.0,5.0,12.0,-2.0,1.0,12.0,1.0,2.0,1.0,1.0,2.0,51.0,2.0,1.0,10.47618554,1.0,0.0,0.0,0.0,0.0,0.0,0.0,8.0,0.0,1.0,1.0,0.0,2.0
1.0,0.0,10.0,2.0,2.0,4.0,2.0,5.0,12.0,0.0,1.0,12.0,1.0,2.0,1.0,1.0,2.0,53.0,0.0,0.0,10.96581053,1.0,0.0,0.0,0.0,0.0,0.0,0.0,8.0,0.0,0.0,1.0,0.0,2.0
1.0,0.0,10.0,2.0,2.0,4.0,2.0,5.0,12.0,-2.0,1.0,12.0,1.0,2.0,1.0,1.0,2.0,59.0,2.0,1.0,11.34931355,1.0,0.0,0.0,0.0,0.0,0.0,0.0,8.0,0.0,1.0,1.0,0.0,2.0
1.0,0.0,10.0,2.0,3.0,4.0,2.0,4.0,11.0,-4.0,1.0,12.0,1.0,2.0,2.0,2.0,3.0,61.0,4.0,2.0,11.58951873,1.0,0.0,0.0,0.0,0.0,0.0,0.0,8.0,0.0,1.0,1.0,0.0,4.0
1.0,0.0,10.0,2.0,3.0,5.0,2.0,4.0,11.0,2.0,1.0,12.0,1.0,2.0,1.0,1.0,1.0,75.0,-2.0,-1.0,12.88874033,1.0,0.0,0.0,0.0,0.0,0.0,0.0,8.0,0.0,-1.0,1.0,0.0,2.0
1.0,1.0,10.0,2.0,3.0,4.0,2.0,5.0,10.0,-2.0,1.0,12.0,1.0,0.0,1.0,1.0,3.0,71.0,2.0,1.0,12.3766155,0.0,0.0,0.0,0.0,0.0,0.0,0.0,8.0,0.0,1.0,1.0,0.0,2.0
1.0,1.0,10.0,1.0,3.0,5.0,2.0,5.0,10.0,0.0,1.0,12.0,1.0,0.0,0.0,0.0,0.0,81.0,0.0,0.0,13.23984837,0.0,0.0,0.0,0.0,0.0,0.0,0.0,8.0,0.0,0.0,1.0,0.0,1.0
1.0,1.0,10.0,2.0,3.0,4.0,2.0,5.0,10.0,0.0,1.0,12.0,1.0,0.0,1.0,1.0,3.0,73.0,0.0,0.0,12.60259611,0.0,0.0,0.0,0.0,0.0,0.0,0.0,8.0,0.0,0.0,1.0,0.0,2.0
1.0,1.0,10.0,1.0,3.0,4.0,2.0,5.0,10.0,-2.0,1.0,12.0,1.0,0.0,1.0,1.0,3.0,79.0,2.0,1.0,12.96899421,0.0,0.0,0.0,0.0,0.0,0.0,0.0,8.0,0.0,1.0,1.0,0.0,2.0
1.0,1.0,10.0,2.0,3.0,5.0,2.0,5.0,10.0,0.0,1.0,12.0,1.0,0.0,1.0,1.0,3.0,89.0,0.0,0.0,13.71607598,0.0,0.0,0.0,0.0,0.0,0.0,0.0,8.0,0.0,0.0,1.0,0.0,2.0
1.0,1.0,10.0,3.0,4.0,2.0,3.0,3.0,10.0,-6.0,1.0,12.0,1.0,0.0,3.0,3.0,4.0,31.0,6.0,3.0,7.716999809,0.0,0.0,0.0,0.0,0.0,0.0,0.0,18.0,0.0,1.0,1.0,0.0,6.0
1.0,1.0,10.0,2.0,4.0,3.0,3.0,3.0,10.0,0.0,1.0,12.0,1.0,0.0,0.0,0.0,0.0,49.0,0.0,0.0,10.37890145,0.0,0.0,0.0,0.0,0.0,0.0,0.0,18.0,0.0,0.0,1.0,0.0,1.0
1.0,0.0,10.0,3.0,3.0,4.0,3.0,4.0,11.0,-6.0,1.0,12.0,1.0,2.0,3.0,3.0,3.0,59.0,6.0,3.0,11.45319337,1.0,0.0,0.0,0.0,1.0,1.0,1.0,18.0,0.0,1.0,1.0,0.0,6.0
1.0,0.0,10.0,2.0,3.0,3.0,3.0,4.0,11.0,-4.0,1.0,12.0,1.0,2.0,2.0,2.0,3.0,53.0,4.0,2.0,11.19888979,1.0,0.0,0.0,0.0,0.0,0.0,0.0,18.0,0.0,1.0,1.0,0.0,4.0
1.0,0.0,10.0,2.0,3.0,3.0,3.0,4.0,11.0,-2.0,1.0,12.0,1.0,2.0,1.0,1.0,3.0,59.0,2.0,1.0,11.53754818,1.0,0.0,0.0,0.0,0.0,0.0,0.0,18.0,0.0,1.0,1.0,0.0,2.0
1.0,0.0,10.0,3.0,2.0,4.0,3.0,5.0,12.0,-4.0,1.0,12.0,1.0,2.0,2.0,2.0,2.0,73.0,4.0,2.0,12.88684742,0.0,0.0,0.0,0.0,1.0,1.0,1.0,18.0,0.0,1.0,1.0,0.0,4.0
1.0,0.0,10.0,2.0,2.0,4.0,3.0,5.0,12.0,-4.0,1.0,12.0,1.0,2.0,2.0,2.0,2.0,61.0,4.0,2.0,12.18554063,1.0,0.0,0.0,0.0,1.0,1.0,1.0,18.0,0.0,1.0,1.0,0.0,4.0
1.0,0.0,10.0,2.0,3.0,4.0,3.0,4.0,11.0,-4.0,1.0,12.0,1.0,2.0,2.0,2.0,3.0,65.0,4.0,2.0,12.39880216,0.0,0.0,0.0,0.0,0.0,0.0,0.0,18.0,0.0,1.0,1.0,0.0,4.0
1.0,0.0,10.0,2.0,3.0,5.0,3.0,4.0,11.0,2.0,1.0,12.0,1.0,2.0,1.0,1.0,3.0,79.0,-2.0,-1.0,13.5885585,0.0,0.0,0.0,0.0,0.0,0.0,0.0,18.0,0.0,-1.0,1.0,0.0,2.0
1.0,0.0,10.0,2.0,2.0,4.0,3.0,6.0,11.0,0.0,1.0,12.0,1.0,2.0,1.0,1.0,2.0,65.0,0.0,0.0,12.7213307,0.0,0.0,0.0,0.0,0.0,0.0,0.0,18.0,0.0,0.0,1.0,0.0,2.0
1.0,1.0,10.0,1.0,3.0,4.0,3.0,5.0,10.0,-2.0,1.0,12.0,1.0,0.0,1.0,1.0,1.0,75.0,2.0,1.0,13.38994414,1.0,0.0,0.0,0.0,0.0,0.0,0.0,18.0,0.0,1.0,1.0,0.0,2.0
1.0,1.0,10.0,1.0,3.0,4.0,3.0,5.0,12.0,0.0,1.0,12.0,1.0,0.0,1.0,1.0,3.0,85.0,0.0,0.0,13.98004154,1.0,0.0,0.0,0.0,0.0,0.0,0.0,18.0,0.0,0.0,1.0,0.0,2.0
1.0,1.0,10.0,2.0,4.0,3.0,3.0,3.0,10.0,4.0,1.0,12.0,2.0,0.0,2.0,2.0,2.0,45.0,-4.0,-2.0,10.14146904,1.0,0.0,0.0,0.0,0.0,0.0,0.0,18.0,0.0,-1.0,1.0,0.0,4.0
1.0,0.0,10.0,2.0,2.0,4.0,3.0,5.0,12.0,-4.0,2.0,12.0,2.0,2.0,2.0,2.0,2.0,57.0,4.0,2.0,11.51169129,0.0,0.0,0.0,0.0,1.0,1.0,1.0,18.0,0.0,1.0,1.0,0.0,4.0
1.0,1.0,10.0,2.0,4.0,3.0,3.0,3.0,10.0,-2.0,1.0,12.0,2.0,0.0,1.0,1.0,4.0,51.0,2.0,1.0,10.86809271,1.0,0.0,0.0,0.0,0.0,0.0,0.0,18.0,0.0,1.0,1.0,0.0,2.0
1.0,0.0,10.0,2.0,3.0,4.0,3.0,4.0,11.0,2.0,2.0,12.0,2.0,2.0,1.0,1.0,1.0,63.0,-2.0,-1.0,12.07646143,0.0,0.0,0.0,0.0,0.0,0.0,0.0,18.0,0.0,-1.0,1.0,0.0,2.0
1.0,0.0,10.0,3.0,3.0,4.0,3.0,4.0,11.0,-6.0,1.0,12.0,2.0,2.0,3.0,3.0,3.0,75.0,6.0,3.0,13.02926887,1.0,0.0,0.0,0.0,1.0,1.0,1.0,18.0,0.0,1.0,1.0,0.0,6.0
1.0,0.0,10.0,2.0,2.0,4.0,3.0,5.0,14.0,-2.0,1.0,12.0,2.0,2.0,1.0,1.0,1.0,63.0,2.0,1.0,12.42163051,0.0,0.0,0.0,0.0,0.0,0.0,0.0,18.0,0.0,1.0,1.0,0.0,2.0
1.0,0.0,10.0,2.0,2.0,3.0,3.0,5.0,14.0,0.0,1.0,12.0,2.0,2.0,1.0,1.0,2.0,57.0,0.0,0.0,11.63703523,0.0,0.0,0.0,0.0,0.0,0.0,0.0,18.0,0.0,0.0,1.0,0.0,2.0
1.0,1.0,10.0,2.0,3.0,5.0,3.0,5.0,12.0,2.0,2.0,12.0,2.0,0.0,1.0,1.0,3.0,87.0,-2.0,-1.0,14.12650517,0.0,0.0,0.0,0.0,0.0,0.0,0.0,18.0,0.0,-1.0,1.0,0.0,2.0
1.0,1.0,10.0,2.0,3.0,4.0,3.0,5.0,10.0,2.0,1.0,12.0,1.0,0.0,1.0,1.0,3.0,67.0,-2.0,-1.0,12.51088773,1.0,0.0,0.0,0.0,0.0,0.0,0.0,18.0,0.0,-1.0,1.0,0.0,2.0
1.0,1.0,10.0,1.0,3.0,5.0,3.0,5.0,10.0,0.0,1.0,12.0,1.0,0.0,1.0,1.0,3.0,77.0,0.0,0.0,13.38522875,1.0,0.0,0.0,0.0,0.0,0.0,0.0,18.0,0.0,0.0,1.0,0.0,2.0
1.0,0.0,10.0,2.0,3.0,4.0,3.0,4.0,11.0,-4.0,1.0,12.0,1.0,2.0,2.0,2.0,3.0,73.0,4.0,2.0,12.92959469,0.0,0.0,0.0,0.0,0.0,0.0,0.0,18.0,0.0,1.0,1.0,0.0,4.0
1.0,1.0,10.0,1.0,3.0,5.0,3.0,5.0,12.0,2.0,1.0,12.0,1.0,0.0,1.0,1.0,3.0,83.0,-2.0,-1.0,13.70688084,1.0,0.0,0.0,0.0,0.0,0.0,0.0,18.0,0.0,-1.0,1.0,0.0,2.0
1.0,1.0,10.0,2.0,3.0,4.0,3.0,5.0,12.0,0.0,2.0,12.0,2.0,0.0,0.0,0.0,0.0,81.0,0.0,0.0,13.43074878,0.0,0.0,0.0,0.0,0.0,0.0,0.0,18.0,0.0,0.0,1.0,0.0,1.0
1.0,1.0,10.0,2.0,3.0,4.0,3.0,5.0,12.0,-4.0,1.0,12.0,1.0,0.0,2.0,2.0,3.0,69.0,4.0,2.0,12.5020992,1.0,0.0,0.0,0.0,0.0,0.0,0.0,18.0,0.0,1.0,1.0,0.0,4.0
1.0,0.0,10.0,3.0,3.0,4.0,3.0,4.0,11.0,-6.0,1.0,12.0,2.0,2.0,3.0,3.0,3.0,71.0,6.0,3.0,13.39404447,0.0,0.0,1.0,0.0,1.0,1.0,1.0,18.0,0.0,1.0,1.0,0.0,6.0
1.0,1.0,10.0,2.0,3.0,5.0,3.0,5.0,12.0,0.0,1.0,12.0,2.0,0.0,1.0,1.0,3.0,85.0,0.0,0.0,14.49266703,1.0,0.0,1.0,0.0,0.0,0.0,0.0,18.0,0.0,0.0,1.0,0.0,2.0
1.0,1.0,10.0,1.0,4.0,4.0,3.0,3.0,10.0,-2.0,1.0,12.0,2.0,0.0,1.0,1.0,4.0,63.0,2.0,1.0,12.43147953,0.0,0.0,1.0,0.0,0.0,0.0,0.0,18.0,0.0,1.0,1.0,0.0,2.0
1.0,0.0,10.0,2.0,3.0,4.0,3.0,4.0,11.0,2.0,1.0,12.0,2.0,2.0,1.0,1.0,3.0,83.0,-2.0,-1.0,14.25805185,1.0,0.0,1.0,0.0,0.0,0.0,0.0,18.0,0.0,-1.0,1.0,0.0,2.0
1.0,0.0,10.0,1.0,3.0,5.0,3.0,4.0,11.0,-2.0,1.0,12.0,2.0,2.0,1.0,1.0,3.0,87.0,2.0,1.0,14.70989878,0.0,0.0,1.0,0.0,0.0,0.0,0.0,18.0,0.0,1.0,1.0,0.0,2.0
1.0,1.0,10.0,2.0,4.0,3.0,3.0,3.0,10.0,4.0,1.0,12.0,2.0,0.0,2.0,2.0,4.0,57.0,-4.0,-2.0,11.79777366,0.0,0.0,1.0,0.0,0.0,0.0,0.0,18.0,0.0,-1.0,1.0,0.0,4.0
1.0,0.0,10.0,2.0,3.0,4.0,3.0,4.0,11.0,0.0,1.0,12.0,2.0,2.0,1.0,1.0,3.0,85.0,0.0,0.0,14.34125614,1.0,0.0,1.0,0.0,0.0,0.0,0.0,18.0,0.0,0.0,1.0,0.0,2.0
1.0,0.0,10.0,2.0,3.0,4.0,3.0,4.0,11.0,0.0,1.0,12.0,2.0,2.0,0.0,0.0,0.0,81.0,0.0,0.0,14.2736446,0.0,0.0,1.0,0.0,0.0,0.0,0.0,18.0,0.0,0.0,1.0,0.0,1.0
1.0,1.0,10.0,1.0,3.0,5.0,3.0,5.0,10.0,0.0,1.0,12.0,2.0,0.0,1.0,1.0,3.0,101.0,0.0,0.0,15.64664917,1.0,0.0,1.0,0.0,0.0,0.0,0.0,18.0,0.0,0.0,1.0,0.0,2.0
1.0,1.0,10.0,2.0,3.0,5.0,3.0,5.0,12.0,2.0,1.0,12.0,2.0,0.0,1.0,1.0,3.0,99.0,-2.0,-1.0,15.56605892,1.0,0.0,1.0,0.0,0.0,0.0,0.0,18.0,0.0,-1.0,1.0,0.0,2.0
1.0,0.0,10.0,2.0,3.0,4.0,3.0,4.0,11.0,0.0,1.0,12.0,2.0,2.0,1.0,1.0,3.0,77.0,0.0,0.0,13.86614986,1.0,0.0,1.0,0.0,0.0,0.0,0.0,18.0,0.0,0.0,1.0,0.0,2.0
1.0,1.0,10.0,1.0,4.0,4.0,3.0,3.0,10.0,0.0,1.0,12.0,2.0,0.0,1.0,1.0,4.0,73.0,0.0,0.0,13.48702242,0.0,0.0,1.0,0.0,0.0,0.0,0.0,18.0,0.0,0.0,1.0,0.0,2.0
1.0,0.0,10.0,2.0,3.0,4.0,3.0,4.0,11.0,-4.0,1.0,12.0,2.0,2.0,2.0,2.0,3.0,89.0,4.0,2.0,14.85535017,0.0,0.0,1.0,0.0,0.0,0.0,0.0,18.0,0.0,1.0,1.0,0.0,4.0
1.0,0.0,10.0,2.0,3.0,3.0,3.0,4.0,11.0,2.0,1.0,12.0,2.0,2.0,1.0,1.0,3.0,67.0,-2.0,-1.0,13.01646716,1.0,0.0,1.0,0.0,0.0,0.0,0.0,18.0,0.0,-1.0,1.0,0.0,2.0
1.0,1.0,10.0,2.0,4.0,4.0,3.0,3.0,10.0,-2.0,1.0,12.0,2.0,0.0,1.0,1.0,4.0,71.0,2.0,1.0,13.31156653,0.0,0.0,1.0,0.0,0.0,0.0,0.0,18.0,0.0,1.0,1.0,0.0,2.0
1.0,0.0,10.0,1.0,3.0,5.0,3.0,4.0,11.0,2.0,1.0,12.0,2.0,2.0,1.0,1.0,3.0,91.0,-2.0,-1.0,15.04785288,1.0,0.0,1.0,0.0,0.0,0.0,0.0,18.0,0.0,-1.0,1.0,0.0,2.0
1.0,1.0,10.0,2.0,3.0,4.0,3.0,5.0,12.0,0.0,1.0,12.0,2.0,0.0,1.0,1.0,3.0,93.0,0.0,0.0,15.17785143,1.0,0.0,1.0,0.0,0.0,0.0,0.0,18.0,0.0,0.0,1.0,0.0,2.0
1.0,0.0,10.0,2.0,2.0,4.0,3.0,5.0,14.0,-2.0,1.0,12.0,2.0,2.0,1.0,1.0,2.0,87.0,2.0,1.0,14.85274671,0.0,0.0,1.0,0.0,0.0,0.0,0.0,18.0,0.0,1.0,1.0,0.0,2.0
1.0,0.0,10.0,2.0,3.0,4.0,3.0,4.0,11.0,-4.0,2.0,12.0,2.0,2.0,2.0,2.0,2.0,81.0,4.0,2.0,14.41291902,0.0,0.0,1.0,0.0,0.0,0.0,0.0,18.0,0.0,1.0,1.0,0.0,4.0
1.0,1.0,10.0,2.0,4.0,4.0,3.0,3.0,10.0,0.0,2.0,12.0,2.0,0.0,0.0,0.0,0.0,81.0,0.0,0.0,14.33434452,0.0,0.0,1.0,0.0,0.0,0.0,0.0,18.0,0.0,0.0,1.0,0.0,0.0
1.0,0.0,10.0,3.0,2.0,4.0,3.0,5.0,14.0,-4.0,2.0,12.0,2.0,2.0,2.0,2.0,2.0,85.0,4.0,2.0,14.68750684,1.0,0.0,0.0,0.0,1.0,1.0,1.0,18.0,0.0,1.0,1.0,0.0,4.0
1.0,0.0,10.0,1.0,3.0,4.0,3.0,4.0,11.0,0.0,1.0,12.0,2.0,2.0,1.0,1.0,3.0,73.0,0.0,0.0,13.7273433,0.0,0.0,0.0,0.0,0.0,0.0,0.0,18.0,0.0,0.0,1.0,0.0,2.0
1.0,1.0,10.0,1.0,4.0,4.0,3.0,3.0,10.0,0.0,1.0,12.0,2.0,0.0,1.0,1.0,4.0,77.0,0.0,0.0,14.10712669,1.0,0.0,0.0,0.0,0.0,0.0,0.0,18.0,0.0,0.0,1.0,0.0,2.0
1.0,1.0,10.0,2.0,3.0,4.0,3.0,5.0,12.0,-2.0,1.0,12.0,2.0,0.0,1.0,1.0,3.0,91.0,2.0,1.0,15.1816955,1.0,0.0,0.0,0.0,0.0,0.0,0.0,18.0,0.0,1.0,1.0,0.0,2.0
1.0,1.0,10.0,2.0,4.0,4.0,3.0,3.0,10.0,-2.0,1.0,12.0,2.0,0.0,1.0,1.0,1.0,75.0,2.0,1.0,13.93301899,1.0,0.0,0.0,0.0,0.0,0.0,0.0,18.0,0.0,1.0,1.0,0.0,2.0
1.0,1.0,10.0,1.0,3.0,5.0,3.0,5.0,12.0,0.0,1.0,12.0,2.0,0.0,1.0,1.0,3.0,93.0,0.0,0.0,15.3528527,1.0,0.0,0.0,0.0,0.0,0.0,0.0,18.0,0.0,0.0,1.0,0.0,2.0
1.0,0.0,10.0,2.0,3.0,3.0,3.0,4.0,11.0,-2.0,1.0,12.0,2.0,2.0,1.0,1.0,3.0,63.0,2.0,1.0,12.90462395,0.0,0.0,0.0,0.0,0.0,0.0,0.0,18.0,0.0,1.0,1.0,0.0,2.0
1.0,1.0,10.0,2.0,4.0,5.0,3.0,3.0,10.0,0.0,1.0,12.0,2.0,0.0,1.0,1.0,4.0,85.0,0.0,0.0,14.9002086,1.0,0.0,1.0,0.0,0.0,0.0,0.0,18.0,0.0,0.0,1.0,0.0,2.0
1.0,1.0,10.0,2.0,3.0,4.0,3.0,5.0,12.0,-2.0,1.0,12.0,2.0,0.0,1.0,1.0,3.0,83.0,2.0,1.0,14.77746267,1.0,0.0,0.0,0.0,0.0,0.0,0.0,18.0,0.0,1.0,1.0,0.0,2.0
1.0,0.0,10.0,2.0,3.0,4.0,3.0,4.0,11.0,-4.0,1.0,12.0,2.0,2.0,2.0,2.0,3.0,77.0,4.0,2.0,14.26502301,1.0,0.0,1.0,0.0,0.0,0.0,0.0,18.0,0.0,1.0,1.0,0.0,4.0
1.0,1.0,10.0,2.0,4.0,4.0,3.0,3.0,10.0,2.0,1.0,12.0,2.0,0.0,1.0,1.0,4.0,87.0,-2.0,-1.0,14.75588408,0.0,0.0,0.0,0.0,0.0,0.0,0.0,18.0,0.0,-1.0,1.0,0.0,2.0
1.0,0.0,10.0,1.0,3.0,5.0,3.0,4.0,11.0,-2.0,1.0,12.0,2.0,2.0,1.0,1.0,3.0,111.0,2.0,1.0,16.47347366,0.0,0.0,0.0,0.0,0.0,0.0,0.0,18.0,0.0,1.0,1.0,0.0,2.0
1.0,0.0,10.0,1.0,3.0,4.0,3.0,4.0,11.0,0.0,1.0,12.0,2.0,2.0,1.0,1.0,3.0,93.0,0.0,0.0,15.30490434,1.0,0.0,0.0,0.0,0.0,0.0,0.0,18.0,0.0,0.0,1.0,0.0,2.0
1.0,1.0,10.0,2.0,3.0,5.0,3.0,5.0,12.0,0.0,1.0,12.0,2.0,0.0,1.0,1.0,3.0,109.0,0.0,0.0,16.63803806,1.0,0.0,0.0,0.0,0.0,0.0,0.0,18.0,0.0,0.0,1.0,0.0,2.0
1.0,1.0,10.0,2.0,4.0,4.0,3.0,3.0,10.0,2.0,1.0,12.0,2.0,0.0,1.0,1.0,4.0,95.0,-2.0,-1.0,15.42386651,0.0,0.0,1.0,0.0,0.0,0.0,0.0,18.0,0.0,-1.0,1.0,0.0,2.0
1.0,0.0,10.0,2.0,3.0,5.0,3.0,4.0,11.0,2.0,1.0,12.0,2.0,2.0,1.0,1.0,3.0,103.0,-2.0,-1.0,16.12544352,0.0,0.0,1.0,0.0,0.0,0.0,0.0,18.0,0.0,-1.0,1.0,0.0,2.0
1.0,1.0,10.0,1.0,4.0,5.0,3.0,3.0,10.0,0.0,1.0,12.0,2.0,0.0,1.0,1.0,4.0,97.0,0.0,0.0,15.54521491,0.0,0.0,0.0,0.0,0.0,0.0,0.0,18.0,0.0,0.0,1.0,0.0,2.0
1.0,0.0,10.0,1.0,3.0,4.0,3.0,4.0,11.0,0.0,1.0,12.0,2.0,2.0,1.0,1.0,3.0,101.0,0.0,0.0,15.93869413,1.0,0.0,0.0,0.0,0.0,0.0,0.0,18.0,0.0,0.0,1.0,0.0,2.0
1.0,0.0,10.0,3.0,2.0,5.0,3.0,5.0,14.0,-4.0,1.0,12.0,2.0,2.0,2.0,2.0,2.0,105.0,4.0,2.0,16.27136828,0.0,0.0,0.0,0.0,1.0,1.0,1.0,18.0,0.0,1.0,1.0,0.0,4.0
1.0,0.0,10.0,2.0,3.0,5.0,3.0,4.0,11.0,-2.0,1.0,12.0,2.0,2.0,1.0,1.0,3.0,115.0,2.0,1.0,16.97487703,1.0,0.0,0.0,0.0,0.0,0.0,0.0,18.0,0.0,1.0,1.0,0.0,2.0
1.0,0.0,10.0,2.0,3.0,4.0,3.0,4.0,11.0,0.0,2.0,12.0,2.0,2.0,1.0,1.0,3.0,105.0,0.0,0.0,16.41082316,0.0,0.0,1.0,0.0,0.0,0.0,0.0,18.0,0.0,0.0,1.0,0.0,2.0
1.0,1.0,10.0,2.0,4.0,5.0,3.0,3.0,10.0,0.0,2.0,12.0,2.0,0.0,0.0,0.0,0.0,121.0,0.0,0.0,17.08570948,0.0,0.0,1.0,0.0,0.0,0.0,0.0,18.0,0.0,0.0,1.0,0.0,0.0
0.0,1.0,10.0,4.0,4.0,2.0,3.0,3.0,10.0,-8.0,1.0,8.0,1.0,0.0,4.0,4.0,4.0,1.0,8.0,4.0,0.0,0.0,1.0,0.0,1.0,1.0,1.0,1.0,18.0,1.0,1.0,0.0,1.0,8.0
0.0,1.0,10.0,2.0,3.0,2.0,3.0,3.0,10.0,2.0,1.0,10.0,1.0,0.0,1.0,1.0,3.0,11.0,-2.0,-1.0,4.611961375,1.0,1.0,0.0,0.0,0.0,0.0,0.0,18.0,0.0,-1.0,1.0,1.0,2.0
0.0,1.0,10.0,2.0,3.0,2.0,3.0,3.0,10.0,2.0,1.0,10.0,1.0,0.0,1.0,1.0,3.0,19.0,-2.0,-1.0,6.904256124,1.0,1.0,0.0,0.0,0.0,0.0,1.0,18.0,0.0,-1.0,1.0,1.0,2.0
0.0,1.0,10.0,2.0,3.0,3.0,3.0,3.0,10.0,-4.0,1.0,10.0,1.0,0.0,2.0,2.0,3.0,29.0,4.0,2.0,8.89681676,1.0,1.0,0.0,0.0,0.0,0.0,1.0,18.0,0.0,1.0,1.0,1.0,4.0
0.0,0.0,10.0,3.0,3.0,3.0,3.0,4.0,11.0,-6.0,1.0,9.0,1.0,2.0,3.0,3.0,3.0,11.0,6.0,3.0,5.860539302,1.0,1.0,0.0,0.0,1.0,1.0,1.0,18.0,0.0,1.0,0.0,1.0,6.0
0.0,0.0,10.0,1.0,2.0,3.0,3.0,4.0,11.0,0.0,1.0,10.0,1.0,2.0,0.0,0.0,0.0,25.0,0.0,0.0,8.901516637,0.0,1.0,0.0,0.0,0.0,0.0,0.0,18.0,0.0,0.0,1.0,1.0,1.0
0.0,0.0,10.0,2.0,2.0,3.0,3.0,4.0,11.0,0.0,1.0,10.0,1.0,2.0,1.0,1.0,2.0,17.0,0.0,0.0,6.77819889,0.0,1.0,0.0,0.0,0.0,0.0,0.0,18.0,0.0,0.0,1.0,1.0,2.0
0.0,0.0,10.0,1.0,2.0,3.0,3.0,4.0,11.0,-2.0,1.0,10.0,1.0,2.0,1.0,1.0,2.0,31.0,2.0,1.0,9.465021657,0.0,1.0,0.0,0.0,0.0,0.0,1.0,18.0,0.0,1.0,1.0,1.0,2.0
0.0,1.0,10.0,1.0,2.0,3.0,3.0,4.0,11.0,0.0,1.0,9.0,1.0,0.0,1.0,1.0,2.0,5.0,-2.0,-1.0,4.056860224,1.0,1.0,0.0,0.0,0.0,0.0,0.0,18.0,0.0,-1.0,0.0,1.0,2.0
0.0,1.0,10.0,1.0,2.0,3.0,3.0,4.0,11.0,-2.0,1.0,10.0,1.0,0.0,1.0,1.0,2.0,19.0,2.0,1.0,7.798300232,1.0,1.0,0.0,0.0,0.0,0.0,1.0,18.0,0.0,1.0,1.0,1.0,2.0
0.0,0.0,10.0,3.0,3.0,3.0,3.0,4.0,11.0,-6.0,1.0,10.0,1.0,2.0,3.0,3.0,3.0,23.0,6.0,3.0,8.392922508,0.0,1.0,0.0,0.0,1.0,1.0,1.0,18.0,0.0,1.0,1.0,1.0,6.0
0.0,0.0,10.0,2.0,2.0,4.0,3.0,4.0,11.0,0.0,1.0,10.0,1.0,2.0,1.0,1.0,2.0,37.0,0.0,0.0,10.68717497,1.0,1.0,0.0,0.0,0.0,0.0,0.0,18.0,0.0,0.0,1.0,1.0,2.0
0.0,1.0,10.0,1.0,2.0,4.0,3.0,4.0,10.0,2.0,1.0,9.0,1.0,0.0,1.0,1.0,2.0,15.0,0.0,0.0,7.746274546,0.0,1.0,0.0,0.0,0.0,0.0,0.0,18.0,0.0,0.0,0.0,1.0,2.0
0.0,1.0,10.0,1.0,2.0,4.0,3.0,5.0,10.0,0.0,1.0,10.0,1.0,0.0,0.0,0.0,0.0,25.0,0.0,0.0,9.250556263,0.0,1.0,0.0,0.0,0.0,0.0,0.0,18.0,0.0,0.0,1.0,1.0,1.0
0.0,1.0,10.0,2.0,3.0,4.0,3.0,5.0,10.0,-2.0,1.0,10.0,1.0,0.0,1.0,1.0,3.0,35.0,2.0,1.0,10.46724624,1.0,1.0,0.0,0.0,0.0,0.0,0.0,18.0,0.0,1.0,1.0,1.0,2.0
0.0,1.0,10.0,4.0,4.0,2.0,3.0,3.0,10.0,-6.0,1.0,9.0,1.0,0.0,4.0,3.0,4.0,3.0,8.0,4.0,4.851170757,1.0,1.0,0.0,1.0,1.0,1.0,1.0,18.0,0.0,1.0,0.0,1.0,8.0
0.0,1.0,10.0,2.0,2.0,2.0,3.0,4.0,11.0,0.0,2.0,9.0,2.0,0.0,0.0,0.0,0.0,9.0,0.0,0.0,5.212566822,0.0,1.0,0.0,0.0,0.0,0.0,1.0,18.0,0.0,0.0,0.0,1.0,1.0
0.0,1.0,10.0,1.0,3.0,3.0,3.0,3.0,10.0,0.0,1.0,10.0,2.0,0.0,1.0,1.0,3.0,21.0,0.0,0.0,7.936474229,1.0,1.0,0.0,0.0,0.0,0.0,0.0,18.0,0.0,0.0,1.0,1.0,2.0
0.0,0.0,10.0,3.0,3.0,2.0,3.0,4.0,11.0,-6.0,2.0,9.0,2.0,2.0,3.0,3.0,3.0,15.0,6.0,3.0,6.770816781,0.0,1.0,0.0,0.0,1.0,1.0,1.0,18.0,0.0,1.0,1.0,1.0,6.0
0.0,1.0,10.0,1.0,3.0,3.0,3.0,3.0,10.0,2.0,1.0,10.0,2.0,0.0,1.0,1.0,1.0,27.0,-2.0,-1.0,9.07089927,1.0,1.0,0.0,0.0,0.0,0.0,1.0,18.0,0.0,-1.0,1.0,1.0,2.0
0.0,0.0,10.0,2.0,2.0,4.0,3.0,4.0,11.0,-2.0,2.0,10.0,2.0,2.0,1.0,1.0,2.0,39.0,2.0,1.0,10.79659498,0.0,1.0,0.0,0.0,0.0,0.0,0.0,18.0,0.0,1.0,1.0,1.0,2.0
0.0,1.0,10.0,2.0,2.0,2.0,3.0,4.0,11.0,2.0,1.0,9.0,1.0,0.0,2.0,1.0,2.0,3.0,-4.0,-2.0,5.044899163,1.0,1.0,0.0,0.0,0.0,1.0,1.0,18.0,0.0,-1.0,0.0,1.0,4.0
0.0,0.0,10.0,1.0,2.0,4.0,3.0,4.0,11.0,0.0,1.0,10.0,2.0,2.0,1.0,1.0,2.0,33.0,0.0,0.0,10.56101675,0.0,1.0,0.0,0.0,0.0,0.0,0.0,18.0,0.0,0.0,1.0,1.0,2.0
0.0,0.0,10.0,1.0,2.0,3.0,3.0,4.0,11.0,-2.0,1.0,10.0,2.0,2.0,1.0,1.0,1.0,27.0,2.0,1.0,9.417590916,1.0,1.0,0.0,0.0,0.0,0.0,0.0,18.0,0.0,1.0,1.0,1.0,2.0
0.0,1.0,10.0,2.0,3.0,3.0,3.0,3.0,10.0,2.0,1.0,10.0,2.0,0.0,1.0,1.0,3.0,31.0,-2.0,-1.0,10.26024344,0.0,1.0,1.0,0.0,0.0,0.0,1.0,18.0,0.0,-1.0,1.0,1.0,2.0
0.0,1.0,10.0,2.0,3.0,4.0,3.0,3.0,10.0,-4.0,1.0,10.0,2.0,0.0,2.0,2.0,3.0,41.0,4.0,2.0,11.44272678,0.0,1.0,1.0,0.0,0.0,0.0,1.0,18.0,0.0,1.0,1.0,1.0,4.0
0.0,1.0,10.0,2.0,3.0,3.0,3.0,4.0,11.0,-4.0,1.0,10.0,2.0,0.0,2.0,2.0,3.0,29.0,4.0,2.0,10.08136286,1.0,1.0,1.0,0.0,0.0,0.0,0.0,18.0,0.0,1.0,1.0,1.0,4.0
0.0,1.0,10.0,2.0,3.0,4.0,3.0,4.0,11.0,2.0,1.0,10.0,2.0,0.0,1.0,1.0,3.0,43.0,-2.0,-1.0,11.84304475,1.0,1.0,1.0,0.0,0.0,0.0,0.0,18.0,0.0,-1.0,1.0,1.0,2.0
0.0,1.0,10.0,4.0,4.0,3.0,3.0,3.0,10.0,-6.0,1.0,10.0,2.0,0.0,4.0,3.0,4.0,11.0,8.0,4.0,8.536065347,1.0,1.0,1.0,1.0,1.0,1.0,1.0,18.0,0.0,1.0,0.0,1.0,8.0
0.0,1.0,10.0,2.0,3.0,3.0,3.0,4.0,11.0,0.0,1.0,10.0,2.0,0.0,0.0,0.0,0.0,1.0,0.0,0.0,7.374343889,0.0,1.0,1.0,0.0,0.0,0.0,0.0,18.0,0.0,0.0,0.0,1.0,1.0
0.0,1.0,10.0,3.0,3.0,3.0,3.0,4.0,11.0,-4.0,1.0,10.0,2.0,0.0,3.0,2.0,3.0,13.0,6.0,3.0,9.249887444,1.0,1.0,1.0,0.0,1.0,1.0,1.0,18.0,0.0,1.0,0.0,1.0,6.0
0.0,1.0,10.0,2.0,3.0,3.0,3.0,3.0,10.0,0.0,2.0,10.0,2.0,0.0,0.0,0.0,0.0,25.0,0.0,0.0,9.250541613,0.0,1.0,0.0,0.0,0.0,0.0,1.0,18.0,0.0,0.0,1.0,1.0,0.0
0.0,1.0,10.0,1.0,3.0,4.0,3.0,4.0,11.0,2.0,1.0,10.0,2.0,0.0,1.0,1.0,3.0,35.0,-2.0,-1.0,11.16339064,1.0,1.0,0.0,0.0,0.0,0.0,0.0,18.0,0.0,-1.0,1.0,1.0,2.0
0.0,1.0,10.0,2.0,3.0,4.0,3.0,3.0,10.0,4.0,2.0,10.0,2.0,0.0,2.0,2.0,3.0,49.0,-4.0,-2.0,12.66533329,0.0,1.0,0.0,0.0,0.0,0.0,1.0,18.0,0.0,-1.0,1.0,1.0,4.0
0.0,1.0,10.0,2.0,3.0,4.0,3.0,4.0,11.0,0.0,1.0,10.0,2.0,0.0,1.0,1.0,3.0,45.0,0.0,0.0,12.27123636,1.0,1.0,0.0,0.0,0.0,0.0,0.0,18.0,0.0,0.0,1.0,1.0,2.0
0.0,1.0,10.0,1.0,3.0,4.0,3.0,3.0,10.0,-2.0,1.0,10.0,2.0,0.0,1.0,1.0,3.0,39.0,2.0,1.0,11.74064104,0.0,1.0,0.0,0.0,0.0,0.0,1.0,18.0,0.0,1.0,1.0,1.0,2.0
0.0,1.0,10.0,2.0,3.0,3.0,3.0,4.0,11.0,-4.0,2.0,9.0,2.0,0.0,2.0,2.0,3.0,21.0,4.0,2.0,9.203916606,1.0,1.0,0.0,0.0,0.0,0.0,0.0,18.0,0.0,1.0,1.0,1.0,4.0
0.0,1.0,10.0,3.0,3.0,2.0,3.0,3.0,10.0,-4.0,1.0,9.0,1.0,0.0,3.0,2.0,3.0,5.0,6.0,3.0,5.638772949,1.0,1.0,0.0,0.0,1.0,1.0,1.0,18.0,0.0,1.0,0.0,1.0,6.0
0.0,0.0,10.0,2.0,2.0,3.0,3.0,4.0,11.0,2.0,1.0,10.0,2.0,2.0,1.0,1.0,2.0,35.0,-2.0,-1.0,10.69336055,1.0,1.0,0.0,0.0,0.0,0.0,0.0,18.0,0.0,-1.0,1.0,1.0,2.0
0.0,1.0,10.0,2.0,3.0,4.0,3.0,4.0,11.0,-2.0,1.0,10.0,2.0,0.0,1.0,1.0,3.0,51.0,2.0,1.0,13.29000307,1.0,1.0,0.0,0.0,0.0,0.0,0.0,18.0,0.0,1.0,1.0,1.0,2.0
0.0,0.0,10.0,1.0,2.0,4.0,3.0,4.0,11.0,0.0,1.0,10.0,2.0,2.0,1.0,1.0,2.0,45.0,0.0,0.0,12.50668793,1.0,1.0,0.0,0.0,0.0,0.0,0.0,18.0,0.0,0.0,1.0,1.0,2.0
0.0,0.0,10.0,2.0,2.0,4.0,3.0,4.0,11.0,2.0,1.0,10.0,2.0,2.0,1.0,1.0,2.0,39.0,-2.0,-1.0,11.60308465,0.0,1.0,0.0,0.0,0.0,0.0,1.0,18.0,0.0,-1.0,1.0,1.0,2.0
1.0,1.0,11.0,2.0,4.0,5.0,3.0,4.0,11.0,2.0,1.0,13.0,2.0,0.0,1.0,1.0,4.0,115.0,-2.0,-1.0,15.55002981,1.0,0.0,1.0,0.0,0.0,0.0,0.0,18.0,0.0,-1.0,1.0,0.0,2.0
1.0,1.0,11.0,2.0,3.0,5.0,3.0,6.0,13.0,0.0,1.0,13.0,1.0,0.0,1.0,1.0,1.0,125.0,0.0,0.0,15.5012281,1.0,0.0,0.0,0.0,0.0,0.0,0.0,18.0,0.0,0.0,1.0,0.0,2.0
1.0,1.0,11.0,2.0,4.0,4.0,3.0,4.0,11.0,2.0,1.0,13.0,1.0,0.0,1.0,1.0,4.0,95.0,-2.0,-1.0,13.53376086,0.0,0.0,0.0,0.0,0.0,0.0,0.0,18.0,0.0,-1.0,1.0,0.0,2.0
1.0,1.0,11.0,2.0,4.0,3.0,3.0,4.0,11.0,-4.0,1.0,13.0,1.0,0.0,2.0,2.0,4.0,65.0,4.0,2.0,11.38498508,0.0,0.0,0.0,0.0,0.0,0.0,0.0,18.0,0.0,1.0,1.0,0.0,4.0
1.0,0.0,11.0,2.0,2.0,4.0,2.0,6.0,13.0,0.0,1.0,13.0,1.0,2.0,1.0,1.0,2.0,61.0,0.0,0.0,10.73542336,1.0,0.0,0.0,0.0,0.0,0.0,0.0,8.0,0.0,0.0,1.0,0.0,2.0
1.0,1.0,11.0,2.0,4.0,4.0,3.0,4.0,11.0,2.0,1.0,13.0,2.0,0.0,1.0,1.0,4.0,107.0,-2.0,-1.0,15.12880966,1.0,0.0,1.0,0.0,0.0,0.0,0.0,18.0,0.0,-1.0,1.0,0.0,2.0
1.0,1.0,11.0,2.0,3.0,5.0,3.0,6.0,13.0,-2.0,1.0,13.0,2.0,0.0,1.0,1.0,3.0,123.0,2.0,1.0,16.10127641,1.0,0.0,1.0,0.0,0.0,0.0,0.0,18.0,0.0,1.0,1.0,0.0,2.0
1.0,1.0,11.0,2.0,4.0,5.0,3.0,4.0,11.0,-2.0,1.0,13.0,2.0,0.0,1.0,1.0,4.0,155.0,2.0,1.0,17.7862654,1.0,0.0,1.0,0.0,0.0,0.0,0.0,18.0,0.0,1.0,1.0,0.0,2.0
1.0,1.0,11.0,2.0,4.0,4.0,3.0,4.0,11.0,-4.0,1.0,13.0,2.0,0.0,2.0,2.0,4.0,101.0,4.0,2.0,14.65327282,1.0,0.0,1.0,0.0,0.0,0.0,0.0,18.0,0.0,1.0,1.0,0.0,4.0
1.0,1.0,11.0,2.0,4.0,5.0,3.0,4.0,13.0,0.0,1.0,13.0,2.0,0.0,1.0,1.0,4.0,157.0,0.0,0.0,17.90055815,1.0,0.0,1.0,0.0,0.0,0.0,0.0,18.0,0.0,0.0,1.0,0.0,2.0
1.0,1.0,11.0,2.0,4.0,5.0,3.0,4.0,13.0,-2.0,1.0,13.0,2.0,0.0,1.0,1.0,4.0,155.0,2.0,1.0,17.7862654,1.0,0.0,1.0,0.0,0.0,0.0,0.0,18.0,0.0,1.0,1.0,0.0,2.0
1.0,1.0,11.0,2.0,4.0,5.0,3.0,4.0,11.0,0.0,1.0,13.0,2.0,0.0,1.0,1.0,4.0,157.0,0.0,0.0,17.90055815,1.0,0.0,1.0,0.0,0.0,0.0,0.0,18.0,0.0,0.0,1.0,0.0,2.0
1.0,1.0,11.0,2.0,4.0,5.0,3.0,4.0,11.0,0.0,1.0,13.0,2.0,0.0,0.0,0.0,0.0,121.0,0.0,0.0,15.87993778,0.0,0.0,1.0,0.0,0.0,0.0,0.0,18.0,0.0,0.0,1.0,0.0,1.0
1.0,1.0,11.0,2.0,4.0,4.0,3.0,4.0,11.0,2.0,1.0,13.0,1.0,0.0,1.0,1.0,4.0,95.0,-2.0,-1.0,13.89456201,0.0,0.0,0.0,0.0,0.0,0.0,0.0,18.0,0.0,-1.0,1.0,0.0,2.0
1.0,1.0,11.0,1.0,4.0,5.0,3.0,4.0,11.0,-2.0,1.0,13.0,1.0,0.0,1.0,1.0,4.0,119.0,2.0,1.0,14.97415127,0.0,0.0,0.0,0.0,0.0,0.0,0.0,18.0,0.0,1.0,1.0,0.0,2.0
1.0,1.0,11.0,1.0,4.0,5.0,3.0,4.0,11.0,0.0,1.0,13.0,1.0,0.0,0.0,0.0,0.0,121.0,0.0,0.0,15.37168034,0.0,0.0,0.0,0.0,0.0,0.0,0.0,18.0,0.0,0.0,1.0,0.0,1.0
1.0,1.0,11.0,2.0,4.0,4.0,3.0,4.0,11.0,-4.0,1.0,13.0,1.0,0.0,2.0,2.0,4.0,89.0,4.0,2.0,12.88667599,0.0,0.0,0.0,0.0,0.0,0.0,0.0,18.0,0.0,1.0,1.0,0.0,4.0
1.0,1.0,11.0,2.0,3.0,5.0,3.0,6.0,13.0,-2.0,1.0,13.0,1.0,0.0,1.0,1.0,3.0,107.0,2.0,1.0,14.53360088,1.0,0.0,0.0,0.0,0.0,0.0,0.0,18.0,0.0,1.0,1.0,0.0,2.0
1.0,1.0,11.0,2.0,4.0,5.0,4.0,4.0,13.0,0.0,2.0,13.0,2.0,0.0,1.0,1.0,2.0,117.0,0.0,0.0,15.59771415,1.0,0.0,1.0,0.0,0.0,0.0,0.0,28.0,0.0,0.0,1.0,0.0,2.0
1.0,1.0,11.0,2.0,4.0,5.0,4.0,4.0,11.0,0.0,2.0,13.0,2.0,0.0,1.0,1.0,2.0,117.0,0.0,0.0,15.59771415,1.0,0.0,1.0,0.0,0.0,0.0,0.0,28.0,0.0,0.0,1.0,0.0,2.0
1.0,1.0,11.0,2.0,3.0,5.0,3.0,6.0,11.0,2.0,1.0,13.0,1.0,0.0,1.0,1.0,3.0,115.0,-2.0,-1.0,15.115873,1.0,0.0,0.0,0.0,0.0,0.0,0.0,18.0,0.0,-1.0,1.0,0.0,2.0
1.0,1.0,11.0,2.0,4.0,4.0,3.0,4.0,11.0,2.0,1.0,13.0,1.0,0.0,1.0,1.0,4.0,71.0,-2.0,-1.0,11.68461417,0.0,0.0,0.0,0.0,0.0,0.0,0.0,18.0,0.0,-1.0,1.0,0.0,2.0
1.0,1.0,11.0,2.0,4.0,4.0,4.0,4.0,13.0,2.0,2.0,13.0,2.0,0.0,1.0,1.0,2.0,99.0,-2.0,-1.0,14.73540122,1.0,0.0,1.0,0.0,0.0,0.0,0.0,28.0,0.0,-1.0,1.0,0.0,2.0
1.0,0.0,11.0,2.0,2.0,3.0,2.0,6.0,13.0,-2.0,1.0,13.0,1.0,2.0,1.0,1.0,2.0,43.0,2.0,1.0,8.567161376,1.0,0.0,0.0,0.0,0.0,0.0,0.0,8.0,0.0,1.0,1.0,0.0,2.0
1.0,1.0,11.0,3.0,4.0,3.0,3.0,4.0,11.0,6.0,1.0,13.0,1.0,0.0,3.0,3.0,4.0,55.0,-6.0,-3.0,10.63862125,0.0,0.0,0.0,0.0,0.0,0.0,0.0,18.0,0.0,-1.0,1.0,0.0,6.0
1.0,0.0,11.0,2.0,2.0,4.0,2.0,6.0,13.0,2.0,1.0,13.0,1.0,2.0,1.0,1.0,2.0,59.0,-2.0,-1.0,10.68650031,1.0,0.0,0.0,0.0,0.0,0.0,0.0,8.0,0.0,-1.0,1.0,0.0,2.0
1.0,1.0,11.0,2.0,4.0,5.0,3.0,4.0,11.0,2.0,1.0,13.0,2.0,0.0,1.0,1.0,4.0,119.0,-2.0,-1.0,15.80105917,0.0,0.0,1.0,0.0,0.0,0.0,0.0,18.0,0.0,-1.0,1.0,0.0,2.0
1.0,1.0,11.0,2.0,4.0,4.0,3.0,4.0,11.0,-2.0,1.0,13.0,2.0,0.0,1.0,1.0,4.0,103.0,2.0,1.0,14.70025774,0.0,0.0,1.0,0.0,0.0,0.0,0.0,18.0,0.0,1.0,1.0,0.0,2.0
1.0,1.0,11.0,1.0,4.0,5.0,3.0,4.0,11.0,-2.0,1.0,13.0,2.0,0.0,1.0,1.0,4.0,159.0,2.0,1.0,17.38730938,0.0,0.0,1.0,0.0,0.0,0.0,0.0,18.0,0.0,1.0,1.0,0.0,2.0
1.0,1.0,11.0,1.0,4.0,5.0,3.0,4.0,11.0,0.0,1.0,13.0,2.0,0.0,1.0,1.0,4.0,177.0,0.0,0.0,18.41840859,0.0,0.0,0.0,0.0,0.0,0.0,0.0,18.0,0.0,0.0,1.0,0.0,2.0
1.0,1.0,11.0,2.0,4.0,3.0,3.0,4.0,11.0,-4.0,1.0,13.0,1.0,0.0,2.0,2.0,4.0,73.0,4.0,2.0,12.30515844,0.0,0.0,0.0,0.0,0.0,0.0,0.0,18.0,0.0,1.0,1.0,0.0,4.0
1.0,0.0,11.0,2.0,3.0,4.0,2.0,5.0,12.0,-2.0,1.0,13.0,1.0,2.0,1.0,1.0,3.0,83.0,2.0,1.0,12.6919565,1.0,0.0,0.0,0.0,0.0,0.0,0.0,8.0,0.0,1.0,1.0,0.0,2.0
1.0,1.0,11.0,2.0,4.0,5.0,3.0,4.0,11.0,0.0,1.0,13.0,2.0,0.0,1.0,1.0,4.0,145.0,0.0,0.0,16.9805132,0.0,0.0,1.0,0.0,0.0,0.0,0.0,18.0,0.0,0.0,1.0,0.0,2.0
1.0,0.0,11.0,1.0,3.0,5.0,2.0,5.0,12.0,2.0,1.0,13.0,1.0,2.0,1.0,1.0,3.0,131.0,-2.0,-1.0,15.25732859,1.0,0.0,0.0,0.0,0.0,0.0,0.0,8.0,0.0,-1.0,1.0,0.0,2.0
1.0,1.0,11.0,2.0,4.0,5.0,3.0,4.0,11.0,2.0,1.0,13.0,2.0,0.0,1.0,1.0,4.0,143.0,-2.0,-1.0,16.87140207,0.0,0.0,1.0,0.0,0.0,0.0,0.0,18.0,0.0,-1.0,1.0,0.0,2.0
1.0,1.0,11.0,1.0,4.0,5.0,3.0,4.0,11.0,0.0,1.0,13.0,2.0,0.0,1.0,1.0,4.0,137.0,0.0,0.0,16.51612416,0.0,0.0,1.0,0.0,0.0,0.0,0.0,18.0,0.0,0.0,1.0,0.0,2.0
1.0,1.0,11.0,2.0,4.0,4.0,3.0,4.0,11.0,-2.0,1.0,13.0,2.0,0.0,1.0,1.0,4.0,127.0,2.0,1.0,16.05096733,0.0,0.0,1.0,0.0,0.0,0.0,0.0,18.0,0.0,1.0,1.0,0.0,2.0
1.0,1.0,11.0,1.0,4.0,4.0,3.0,4.0,11.0,2.0,1.0,13.0,1.0,0.0,1.0,1.0,4.0,95.0,-2.0,-1.0,13.88825994,0.0,0.0,0.0,0.0,0.0,0.0,0.0,18.0,0.0,-1.0,1.0,0.0,2.0
1.0,0.0,11.0,2.0,3.0,5.0,2.0,5.0,12.0,0.0,1.0,13.0,1.0,2.0,1.0,1.0,3.0,101.0,0.0,0.0,13.86957044,1.0,0.0,0.0,0.0,0.0,0.0,0.0,8.0,0.0,0.0,1.0,0.0,2.0
1.0,0.0,11.0,2.0,3.0,5.0,2.0,5.0,12.0,-2.0,1.0,13.0,1.0,2.0,1.0,1.0,3.0,107.0,2.0,1.0,14.05511415,1.0,0.0,0.0,0.0,0.0,0.0,0.0,8.0,0.0,1.0,1.0,0.0,2.0
1.0,1.0,11.0,1.0,4.0,4.0,3.0,4.0,11.0,-2.0,1.0,13.0,2.0,0.0,1.0,1.0,4.0,91.0,2.0,1.0,13.55736049,1.0,0.0,0.0,0.0,0.0,0.0,0.0,18.0,0.0,1.0,1.0,0.0,2.0
1.0,1.0,11.0,1.0,4.0,4.0,3.0,4.0,11.0,0.0,1.0,13.0,2.0,0.0,1.0,1.0,4.0,101.0,0.0,0.0,14.14441036,1.0,0.0,0.0,0.0,0.0,0.0,0.0,18.0,0.0,0.0,1.0,0.0,2.0
1.0,0.0,11.0,2.0,3.0,5.0,2.0,5.0,12.0,-2.0,1.0,13.0,1.0,2.0,1.0,1.0,3.0,119.0,2.0,1.0,14.72808187,0.0,0.0,0.0,0.0,0.0,0.0,0.0,8.0,0.0,1.0,1.0,0.0,2.0
1.0,0.0,11.0,2.0,3.0,4.0,2.0,5.0,12.0,2.0,1.0,13.0,1.0,2.0,1.0,1.0,3.0,87.0,-2.0,-1.0,12.51875225,0.0,0.0,0.0,0.0,0.0,0.0,0.0,8.0,0.0,-1.0,1.0,0.0,2.0
1.0,0.0,11.0,1.0,3.0,5.0,2.0,5.0,12.0,0.0,1.0,13.0,1.0,2.0,1.0,1.0,3.0,129.0,0.0,0.0,15.13271153,0.0,0.0,0.0,0.0,0.0,0.0,0.0,8.0,0.0,0.0,1.0,0.0,2.0
1.0,1.0,11.0,2.0,4.0,4.0,3.0,4.0,11.0,2.0,1.0,13.0,1.0,0.0,1.0,1.0,4.0,103.0,-2.0,-1.0,14.24224184,0.0,0.0,0.0,0.0,0.0,0.0,0.0,18.0,0.0,-1.0,1.0,0.0,2.0
1.0,0.0,11.0,2.0,3.0,4.0,2.0,5.0,12.0,0.0,1.0,13.0,1.0,2.0,1.0,1.0,3.0,93.0,0.0,0.0,13.11119498,1.0,0.0,0.0,0.0,0.0,0.0,0.0,8.0,0.0,0.0,1.0,0.0,2.0
1.0,1.0,11.0,1.0,3.0,5.0,2.0,6.0,11.0,0.0,1.0,13.0,1.0,0.0,0.0,0.0,0.0,121.0,0.0,0.0,14.87439687,0.0,0.0,0.0,0.0,0.0,0.0,0.0,8.0,0.0,0.0,1.0,0.0,1.0
1.0,1.0,11.0,2.0,4.0,4.0,3.0,4.0,11.0,-2.0,1.0,13.0,2.0,0.0,1.0,1.0,4.0,135.0,2.0,1.0,16.60859721,0.0,0.0,0.0,0.0,0.0,0.0,0.0,18.0,0.0,1.0,1.0,0.0,2.0
1.0,1.0,11.0,1.0,4.0,4.0,3.0,4.0,11.0,0.0,1.0,13.0,2.0,0.0,1.0,1.0,4.0,93.0,0.0,0.0,13.40012185,1.0,0.0,0.0,0.0,0.0,0.0,0.0,18.0,0.0,0.0,1.0,0.0,2.0
1.0,0.0,11.0,2.0,3.0,4.0,2.0,5.0,12.0,0.0,1.0,13.0,1.0,2.0,1.0,1.0,3.0,97.0,0.0,0.0,13.47165434,0.0,0.0,0.0,0.0,0.0,0.0,0.0,8.0,0.0,0.0,1.0,0.0,2.0
1.0,0.0,11.0,2.0,3.0,4.0,2.0,5.0,12.0,-2.0,1.0,13.0,1.0,2.0,1.0,1.0,3.0,103.0,2.0,1.0,13.67450033,0.0,0.0,0.0,0.0,0.0,0.0,0.0,8.0,0.0,1.0,1.0,0.0,2.0
1.0,1.0,11.0,2.0,4.0,5.0,3.0,4.0,11.0,0.0,1.0,13.0,2.0,0.0,1.0,1.0,1.0,125.0,0.0,0.0,16.34297559,1.0,0.0,0.0,0.0,0.0,0.0,0.0,18.0,0.0,0.0,1.0,0.0,2.0
1.0,0.0,11.0,2.0,3.0,5.0,2.0,5.0,12.0,-4.0,1.0,13.0,1.0,2.0,2.0,2.0,3.0,117.0,4.0,2.0,14.59696676,1.0,0.0,0.0,0.0,0.0,0.0,0.0,8.0,0.0,1.0,1.0,0.0,4.0
1.0,0.0,11.0,2.0,2.0,4.0,2.0,6.0,13.0,0.0,1.0,13.0,1.0,2.0,1.0,1.0,2.0,77.0,0.0,0.0,12.0579781,1.0,0.0,0.0,0.0,0.0,0.0,0.0,8.0,0.0,0.0,1.0,0.0,2.0
1.0,0.0,11.0,2.0,3.0,5.0,2.0,5.0,12.0,4.0,1.0,13.0,1.0,2.0,2.0,2.0,3.0,109.0,-4.0,-2.0,14.31264523,1.0,0.0,0.0,0.0,0.0,0.0,0.0,8.0,0.0,-1.0,1.0,0.0,4.0
1.0,1.0,11.0,1.0,3.0,5.0,2.0,6.0,11.0,2.0,1.0,13.0,1.0,0.0,1.0,1.0,3.0,119.0,-2.0,-1.0,14.75552573,0.0,0.0,0.0,0.0,0.0,0.0,0.0,8.0,0.0,-1.0,1.0,0.0,2.0
1.0,1.0,11.0,2.0,4.0,5.0,3.0,4.0,11.0,-2.0,1.0,13.0,2.0,0.0,1.0,1.0,4.0,175.0,2.0,1.0,18.64549534,0.0,0.0,0.0,0.0,0.0,0.0,0.0,18.0,0.0,1.0,1.0,0.0,2.0
1.0,1.0,11.0,2.0,4.0,4.0,3.0,4.0,11.0,-4.0,1.0,13.0,2.0,0.0,2.0,2.0,4.0,137.0,4.0,2.0,16.65594885,0.0,0.0,1.0,0.0,0.0,0.0,0.0,18.0,0.0,1.0,1.0,0.0,4.0
1.0,1.0,11.0,2.0,3.0,5.0,3.0,6.0,13.0,0.0,1.0,13.0,2.0,0.0,1.0,1.0,3.0,129.0,0.0,0.0,15.69431664,0.0,0.0,0.0,0.0,0.0,0.0,0.0,18.0,0.0,0.0,1.0,0.0,2.0
1.0,1.0,11.0,2.0,4.0,4.0,3.0,4.0,11.0,4.0,1.0,13.0,2.0,0.0,2.0,2.0,4.0,113.0,-4.0,-2.0,15.50892847,0.0,0.0,1.0,0.0,0.0,0.0,0.0,18.0,0.0,-1.0,1.0,0.0,4.0
1.0,1.0,11.0,2.0,4.0,5.0,3.0,4.0,11.0,2.0,1.0,13.0,2.0,0.0,1.0,1.0,4.0,131.0,-2.0,-1.0,16.91459404,1.0,0.0,1.0,0.0,0.0,0.0,0.0,18.0,0.0,-1.0,1.0,0.0,2.0
1.0,1.0,11.0,1.0,4.0,4.0,3.0,4.0,11.0,-2.0,1.0,13.0,2.0,0.0,1.0,1.0,2.0,99.0,2.0,1.0,13.73053908,1.0,0.0,0.0,0.0,0.0,0.0,0.0,18.0,0.0,1.0,1.0,0.0,2.0
1.0,0.0,11.0,2.0,3.0,3.0,2.0,5.0,12.0,-4.0,1.0,13.0,1.0,2.0,2.0,2.0,3.0,65.0,4.0,2.0,10.62749618,0.0,0.0,0.0,0.0,0.0,0.0,0.0,8.0,0.0,1.0,1.0,0.0,4.0
1.0,1.0,11.0,3.0,4.0,3.0,3.0,4.0,11.0,6.0,1.0,13.0,2.0,0.0,3.0,3.0,4.0,59.0,-6.0,-3.0,11.41378946,1.0,0.0,0.0,0.0,0.0,0.0,0.0,18.0,0.0,-1.0,1.0,0.0,6.0
1.0,0.0,11.0,2.0,2.0,4.0,2.0,6.0,13.0,2.0,1.0,13.0,1.0,2.0,1.0,1.0,2.0,83.0,-2.0,-1.0,12.39107762,1.0,0.0,0.0,0.0,0.0,0.0,0.0,8.0,0.0,-1.0,1.0,0.0,2.0
1.0,1.0,11.0,1.0,4.0,5.0,3.0,4.0,11.0,2.0,1.0,13.0,2.0,0.0,1.0,1.0,4.0,123.0,-2.0,-1.0,16.28821973,1.0,0.0,0.0,0.0,0.0,0.0,0.0,18.0,0.0,-1.0,1.0,0.0,2.0
1.0,1.0,11.0,2.0,4.0,5.0,3.0,4.0,11.0,-2.0,1.0,13.0,2.0,0.0,1.0,1.0,4.0,151.0,2.0,1.0,17.23527563,0.0,0.0,1.0,0.0,0.0,0.0,0.0,18.0,0.0,1.0,1.0,0.0,2.0
1.0,1.0,11.0,2.0,4.0,5.0,3.0,4.0,11.0,2.0,1.0,13.0,2.0,0.0,1.0,1.0,4.0,127.0,-2.0,-1.0,16.15823191,0.0,0.0,1.0,0.0,0.0,0.0,0.0,18.0,0.0,-1.0,1.0,0.0,2.0
1.0,0.0,11.0,2.0,2.0,4.0,2.0,6.0,13.0,-2.0,1.0,13.0,1.0,2.0,1.0,1.0,2.0,67.0,2.0,1.0,11.54623467,1.0,0.0,0.0,0.0,0.0,0.0,0.0,8.0,0.0,1.0,1.0,0.0,2.0
1.0,1.0,11.0,2.0,4.0,4.0,3.0,4.0,11.0,2.0,1.0,13.0,2.0,0.0,1.0,1.0,4.0,91.0,-2.0,-1.0,14.08563304,1.0,0.0,1.0,0.0,0.0,0.0,0.0,18.0,0.0,-1.0,1.0,0.0,2.0
1.0,1.0,11.0,2.0,4.0,5.0,3.0,4.0,11.0,2.0,2.0,13.0,2.0,0.0,1.0,1.0,2.0,135.0,-2.0,-1.0,16.81275955,0.0,0.0,1.0,0.0,0.0,0.0,0.0,18.0,0.0,-1.0,1.0,0.0,2.0
1.0,1.0,11.0,2.0,4.0,4.0,3.0,4.0,11.0,2.0,1.0,13.0,2.0,0.0,1.0,1.0,4.0,119.0,-2.0,-1.0,16.2349533,0.0,0.0,0.0,0.0,0.0,0.0,0.0,18.0,0.0,-1.0,1.0,0.0,2.0
1.0,1.0,11.0,2.0,3.0,5.0,2.0,6.0,11.0,-2.0,1.0,13.0,1.0,0.0,1.0,1.0,3.0,111.0,2.0,1.0,14.40887305,0.0,0.0,0.0,0.0,0.0,0.0,0.0,8.0,0.0,1.0,1.0,0.0,2.0
1.0,1.0,11.0,1.0,4.0,5.0,3.0,4.0,11.0,0.0,1.0,13.0,2.0,0.0,1.0,1.0,4.0,145.0,0.0,0.0,17.09851719,0.0,0.0,0.0,0.0,0.0,0.0,0.0,18.0,0.0,0.0,1.0,0.0,2.0
1.0,1.0,11.0,2.0,4.0,5.0,3.0,4.0,11.0,2.0,1.0,13.0,2.0,0.0,1.0,1.0,4.0,167.0,-2.0,-1.0,18.2450339,0.0,0.0,0.0,0.0,0.0,0.0,0.0,18.0,0.0,-1.0,1.0,0.0,2.0
1.0,1.0,11.0,2.0,4.0,4.0,3.0,4.0,11.0,-2.0,1.0,13.0,2.0,0.0,1.0,1.0,4.0,119.0,2.0,1.0,15.91929282,0.0,0.0,0.0,0.0,0.0,0.0,0.0,18.0,0.0,1.0,1.0,0.0,2.0
1.0,1.0,11.0,2.0,4.0,5.0,3.0,4.0,11.0,0.0,1.0,13.0,2.0,0.0,0.0,0.0,0.0,169.0,0.0,0.0,18.35849728,0.0,0.0,1.0,0.0,0.0,0.0,0.0,18.0,0.0,0.0,1.0,0.0,1.0
1.0,0.0,11.0,2.0,2.0,3.0,2.0,6.0,13.0,-2.0,1.0,13.0,1.0,2.0,1.0,1.0,2.0,59.0,2.0,1.0,10.36707815,1.0,0.0,0.0,0.0,0.0,0.0,0.0,8.0,0.0,1.0,1.0,0.0,2.0
1.0,1.0,11.0,2.0,4.0,5.0,3.0,4.0,11.0,0.0,1.0,13.0,2.0,0.0,1.0,1.0,4.0,185.0,0.0,0.0,19.20510718,0.0,0.0,0.0,0.0,0.0,0.0,0.0,18.0,0.0,0.0,1.0,0.0,2.0
1.0,1.0,11.0,2.0,4.0,5.0,3.0,4.0,11.0,-2.0,1.0,13.0,2.0,0.0,1.0,1.0,4.0,183.0,2.0,1.0,18.67120688,0.0,0.0,0.0,0.0,0.0,0.0,0.0,18.0,0.0,1.0,1.0,0.0,2.0
1.0,1.0,11.0,2.0,4.0,4.0,2.0,4.0,11.0,2.0,1.0,13.0,1.0,0.0,1.0,1.0,4.0,79.0,-2.0,-1.0,12.13434244,0.0,0.0,0.0,0.0,0.0,0.0,0.0,8.0,0.0,-1.0,1.0,0.0,2.0
1.0,1.0,11.0,2.0,4.0,5.0,2.0,4.0,11.0,0.0,1.0,13.0,1.0,0.0,1.0,1.0,4.0,105.0,0.0,0.0,13.96053431,0.0,0.0,0.0,0.0,0.0,0.0,0.0,8.0,0.0,0.0,1.0,0.0,2.0
1.0,1.0,11.0,2.0,4.0,5.0,2.0,4.0,11.0,-2.0,1.0,13.0,1.0,0.0,1.0,1.0,4.0,111.0,2.0,1.0,14.13477883,0.0,0.0,0.0,0.0,0.0,0.0,0.0,8.0,0.0,1.0,1.0,0.0,2.0
1.0,1.0,11.0,2.0,4.0,4.0,2.0,4.0,11.0,-4.0,1.0,13.0,1.0,0.0,2.0,2.0,4.0,97.0,4.0,2.0,13.04503717,0.0,0.0,0.0,0.0,0.0,0.0,0.0,8.0,0.0,1.0,1.0,0.0,4.0
1.0,0.0,11.0,2.0,3.0,5.0,2.0,5.0,12.0,-2.0,1.0,13.0,1.0,2.0,1.0,1.0,3.0,123.0,2.0,1.0,14.642365,1.0,0.0,0.0,0.0,0.0,0.0,0.0,8.0,0.0,1.0,1.0,0.0,2.0
1.0,1.0,11.0,2.0,4.0,3.0,2.0,4.0,11.0,-4.0,1.0,13.0,1.0,0.0,2.0,2.0,4.0,57.0,4.0,2.0,10.06742545,0.0,0.0,0.0,0.0,0.0,0.0,0.0,8.0,0.0,1.0,1.0,0.0,4.0
1.0,1.0,11.0,1.0,4.0,4.0,2.0,4.0,11.0,0.0,1.0,13.0,1.0,0.0,1.0,1.0,4.0,89.0,0.0,0.0,12.74278189,0.0,0.0,0.0,0.0,0.0,0.0,0.0,8.0,0.0,0.0,1.0,0.0,2.0
1.0,1.0,11.0,2.0,4.0,4.0,2.0,4.0,11.0,4.0,1.0,13.0,1.0,0.0,2.0,2.0,4.0,73.0,-4.0,-2.0,11.26928725,0.0,0.0,0.0,0.0,0.0,0.0,0.0,8.0,0.0,-1.0,1.0,0.0,4.0
1.0,0.0,11.0,2.0,3.0,5.0,2.0,5.0,12.0,2.0,1.0,13.0,1.0,2.0,1.0,1.0,3.0,115.0,-2.0,-1.0,14.43044263,1.0,0.0,0.0,0.0,0.0,0.0,0.0,8.0,0.0,-1.0,1.0,0.0,2.0
1.0,1.0,11.0,1.0,4.0,4.0,2.0,4.0,11.0,2.0,1.0,13.0,1.0,0.0,1.0,1.0,4.0,87.0,-2.0,-1.0,12.44985252,0.0,0.0,0.0,0.0,0.0,0.0,0.0,8.0,0.0,-1.0,1.0,0.0,2.0
1.0,0.0,11.0,2.0,3.0,4.0,2.0,5.0,12.0,0.0,1.0,13.0,1.0,2.0,1.0,1.0,3.0,109.0,0.0,0.0,13.87222885,1.0,0.0,0.0,0.0,0.0,0.0,0.0,8.0,0.0,0.0,1.0,0.0,2.0
1.0,0.0,11.0,3.0,3.0,5.0,2.0,4.0,13.0,-6.0,1.0,13.0,1.0,2.0,3.0,3.0,3.0,95.0,6.0,3.0,13.64351537,0.0,0.0,0.0,0.0,1.0,1.0,1.0,8.0,0.0,1.0,1.0,0.0,6.0
1.0,0.0,11.0,2.0,3.0,3.0,2.0,5.0,12.0,-2.0,1.0,13.0,1.0,2.0,1.0,1.0,3.0,67.0,2.0,1.0,10.65886042,1.0,0.0,0.0,0.0,0.0,0.0,0.0,8.0,0.0,1.0,1.0,0.0,2.0
1.0,1.0,11.0,1.0,4.0,5.0,3.0,4.0,11.0,0.0,1.0,13.0,2.0,0.0,1.0,1.0,4.0,149.0,0.0,0.0,17.37416032,1.0,0.0,0.0,0.0,0.0,0.0,0.0,18.0,0.0,0.0,1.0,0.0,2.0
1.0,0.0,11.0,1.0,3.0,4.0,2.0,5.0,12.0,0.0,1.0,13.0,1.0,2.0,1.0,1.0,3.0,85.0,0.0,0.0,12.23489135,1.0,0.0,0.0,0.0,0.0,0.0,0.0,8.0,0.0,0.0,1.0,0.0,2.0
1.0,0.0,11.0,3.0,3.0,4.0,2.0,4.0,13.0,-6.0,1.0,13.0,1.0,2.0,3.0,3.0,3.0,83.0,6.0,3.0,12.39954737,1.0,0.0,0.0,0.0,1.0,1.0,1.0,8.0,0.0,1.0,1.0,0.0,6.0
1.0,0.0,11.0,2.0,3.0,4.0,2.0,5.0,12.0,2.0,1.0,13.0,1.0,2.0,1.0,1.0,3.0,95.0,-2.0,-1.0,13.35316245,0.0,0.0,0.0,0.0,0.0,0.0,0.0,8.0,0.0,-1.0,1.0,0.0,2.0
1.0,1.0,11.0,2.0,4.0,4.0,3.0,4.0,11.0,4.0,1.0,13.0,2.0,0.0,2.0,2.0,4.0,93.0,-4.0,-2.0,13.79681154,1.0,0.0,0.0,0.0,0.0,0.0,0.0,18.0,0.0,-1.0,1.0,0.0,4.0
1.0,0.0,11.0,1.0,2.0,3.0,2.0,6.0,13.0,0.0,1.0,13.0,1.0,2.0,1.0,1.0,2.0,53.0,0.0,0.0,9.313369225,1.0,0.0,0.0,0.0,0.0,0.0,0.0,8.0,0.0,0.0,1.0,0.0,2.0
1.0,1.0,11.0,2.0,4.0,5.0,3.0,4.0,11.0,2.0,2.0,13.0,2.0,0.0,1.0,1.0,1.0,147.0,-2.0,-1.0,17.28551979,1.0,0.0,0.0,0.0,0.0,0.0,0.0,18.0,0.0,-1.0,1.0,0.0,2.0
1.0,1.0,11.0,3.0,4.0,3.0,2.0,4.0,11.0,-6.0,1.0,13.0,1.0,0.0,3.0,3.0,4.0,63.0,6.0,3.0,10.26133186,0.0,0.0,0.0,0.0,0.0,0.0,0.0,8.0,0.0,1.0,1.0,0.0,6.0
1.0,0.0,11.0,2.0,3.0,4.0,2.0,5.0,12.0,-4.0,1.0,13.0,1.0,2.0,2.0,2.0,3.0,101.0,4.0,2.0,13.60801589,1.0,0.0,0.0,0.0,0.0,0.0,0.0,8.0,0.0,1.0,1.0,0.0,4.0
1.0,0.0,11.0,2.0,3.0,4.0,2.0,5.0,12.0,2.0,1.0,13.0,1.0,2.0,1.0,1.0,3.0,91.0,-2.0,-1.0,12.87983706,1.0,0.0,0.0,0.0,0.0,0.0,0.0,8.0,0.0,-1.0,1.0,0.0,2.0
1.0,1.0,11.0,3.0,4.0,3.0,2.0,4.0,11.0,6.0,1.0,13.0,1.0,0.0,3.0,3.0,4.0,47.0,-6.0,-3.0,8.628755386,0.0,0.0,0.0,0.0,0.0,0.0,0.0,8.0,0.0,-1.0,1.0,0.0,6.0
1.0,0.0,11.0,2.0,3.0,4.0,2.0,5.0,12.0,4.0,1.0,13.0,1.0,2.0,2.0,2.0,3.0,85.0,-4.0,-2.0,12.73555499,1.0,0.0,0.0,0.0,0.0,0.0,0.0,8.0,0.0,-1.0,1.0,0.0,4.0
1.0,0.0,11.0,2.0,3.0,5.0,2.0,5.0,12.0,4.0,1.0,13.0,1.0,2.0,2.0,2.0,3.0,105.0,-4.0,-2.0,13.9792285,0.0,0.0,0.0,0.0,0.0,0.0,0.0,8.0,0.0,-1.0,1.0,0.0,4.0
1.0,0.0,11.0,1.0,2.0,4.0,2.0,6.0,13.0,0.0,1.0,13.0,1.0,2.0,1.0,1.0,2.0,73.0,0.0,0.0,11.52243144,0.0,0.0,0.0,0.0,0.0,0.0,0.0,8.0,0.0,0.0,1.0,0.0,2.0
1.0,0.0,11.0,2.0,2.0,4.0,2.0,6.0,13.0,2.0,1.0,13.0,1.0,2.0,2.0,1.0,2.0,67.0,-2.0,-1.0,10.88047437,1.0,0.0,0.0,0.0,0.0,0.0,0.0,8.0,0.0,-1.0,1.0,0.0,4.0
1.0,1.0,11.0,1.0,4.0,5.0,3.0,4.0,11.0,-2.0,1.0,13.0,2.0,0.0,1.0,1.0,1.0,147.0,2.0,1.0,17.27953289,1.0,0.0,0.0,0.0,0.0,0.0,0.0,18.0,0.0,1.0,1.0,0.0,2.0
1.0,1.0,11.0,2.0,4.0,5.0,3.0,4.0,11.0,2.0,1.0,13.0,2.0,0.0,1.0,1.0,4.0,139.0,-2.0,-1.0,17.24619221,1.0,0.0,0.0,0.0,0.0,0.0,0.0,18.0,0.0,-1.0,1.0,0.0,2.0
1.0,1.0,11.0,2.0,3.0,5.0,3.0,6.0,13.0,2.0,1.0,13.0,2.0,0.0,1.0,1.0,3.0,131.0,-2.0,-1.0,16.74395185,1.0,0.0,0.0,0.0,0.0,0.0,0.0,18.0,0.0,-1.0,1.0,0.0,2.0
1.0,0.0,11.0,2.0,3.0,4.0,2.0,5.0,12.0,-4.0,1.0,13.0,1.0,2.0,2.0,2.0,3.0,85.0,4.0,2.0,12.62146344,1.0,0.0,0.0,0.0,0.0,0.0,0.0,8.0,0.0,1.0,1.0,0.0,4.0
1.0,1.0,11.0,2.0,4.0,4.0,3.0,4.0,11.0,2.0,1.0,13.0,1.0,0.0,1.0,1.0,4.0,79.0,-2.0,-1.0,12.24281962,0.0,0.0,0.0,0.0,0.0,0.0,0.0,18.0,0.0,-1.0,1.0,0.0,2.0
1.0,1.0,11.0,3.0,4.0,3.0,3.0,4.0,11.0,-6.0,1.0,13.0,2.0,0.0,3.0,3.0,4.0,75.0,6.0,3.0,12.69813606,1.0,0.0,0.0,0.0,0.0,0.0,0.0,18.0,0.0,1.0,1.0,0.0,6.0
1.0,0.0,11.0,2.0,3.0,4.0,2.0,5.0,12.0,-4.0,1.0,13.0,1.0,2.0,2.0,2.0,3.0,89.0,4.0,2.0,13.0758567,0.0,0.0,0.0,0.0,0.0,0.0,0.0,8.0,0.0,1.0,1.0,0.0,4.0
1.0,0.0,11.0,2.0,3.0,3.0,2.0,5.0,12.0,4.0,1.0,13.0,1.0,2.0,2.0,2.0,3.0,53.0,-4.0,-2.0,9.362236961,1.0,0.0,0.0,0.0,0.0,0.0,0.0,8.0,0.0,-1.0,1.0,0.0,4.0
1.0,0.0,11.0,1.0,2.0,4.0,2.0,6.0,13.0,2.0,1.0,13.0,1.0,2.0,1.0,1.0,2.0,71.0,-2.0,-1.0,11.51442678,0.0,0.0,0.0,0.0,0.0,0.0,0.0,8.0,0.0,-1.0,1.0,0.0,2.0
1.0,1.0,11.0,2.0,3.0,5.0,3.0,6.0,13.0,0.0,1.0,13.0,2.0,0.0,1.0,1.0,3.0,133.0,0.0,0.0,16.80895098,1.0,0.0,0.0,0.0,0.0,0.0,0.0,18.0,0.0,0.0,1.0,0.0,2.0
1.0,0.0,11.0,2.0,2.0,4.0,2.0,6.0,13.0,-2.0,1.0,13.0,1.0,2.0,1.0,1.0,2.0,71.0,2.0,1.0,11.48934266,0.0,0.0,0.0,0.0,0.0,0.0,0.0,8.0,0.0,1.0,1.0,0.0,2.0
1.0,0.0,11.0,1.0,2.0,3.0,2.0,6.0,13.0,-2.0,1.0,13.0,1.0,2.0,1.0,1.0,2.0,51.0,2.0,1.0,9.274415863,1.0,0.0,0.0,0.0,0.0,0.0,0.0,8.0,0.0,1.0,1.0,0.0,2.0
1.0,1.0,11.0,2.0,4.0,4.0,4.0,4.0,11.0,2.0,2.0,13.0,2.0,0.0,1.0,1.0,2.0,99.0,-2.0,-1.0,14.73540122,1.0,0.0,1.0,0.0,0.0,0.0,0.0,28.0,0.0,-1.0,1.0,0.0,2.0
1.0,1.0,11.0,2.0,4.0,4.0,3.0,4.0,11.0,2.0,1.0,13.0,2.0,0.0,1.0,1.0,4.0,123.0,-2.0,-1.0,16.4522958,1.0,0.0,1.0,0.0,0.0,0.0,0.0,18.0,0.0,-1.0,1.0,0.0,2.0
1.0,1.0,11.0,1.0,4.0,5.0,3.0,4.0,11.0,0.0,1.0,13.0,2.0,0.0,1.0,1.0,4.0,173.0,0.0,0.0,18.72955937,1.0,0.0,0.0,0.0,0.0,0.0,0.0,18.0,0.0,0.0,1.0,0.0,2.0
1.0,0.0,11.0,4.0,4.0,3.0,2.0,3.0,12.0,-8.0,1.0,13.0,1.0,2.0,4.0,4.0,4.0,37.0,8.0,4.0,7.440012119,1.0,0.0,0.0,0.0,1.0,1.0,1.0,8.0,0.0,1.0,1.0,0.0,8.0
1.0,0.0,11.0,3.0,3.0,4.0,2.0,4.0,13.0,-6.0,1.0,13.0,1.0,2.0,3.0,3.0,3.0,71.0,6.0,3.0,11.84450583,0.0,0.0,0.0,0.0,1.0,1.0,1.0,8.0,0.0,1.0,1.0,0.0,6.0
1.0,0.0,11.0,3.0,3.0,5.0,2.0,4.0,13.0,-6.0,1.0,13.0,1.0,2.0,3.0,3.0,3.0,99.0,6.0,3.0,13.71869537,1.0,0.0,0.0,0.0,1.0,1.0,1.0,8.0,0.0,1.0,1.0,0.0,6.0
1.0,1.0,11.0,2.0,4.0,5.0,3.0,4.0,11.0,-2.0,2.0,13.0,2.0,0.0,1.0,1.0,4.0,195.0,2.0,1.0,19.57372628,1.0,0.0,0.0,0.0,0.0,0.0,0.0,18.0,0.0,1.0,1.0,0.0,2.0
1.0,0.0,11.0,3.0,3.0,3.0,2.0,4.0,13.0,-6.0,1.0,13.0,1.0,2.0,3.0,3.0,3.0,47.0,6.0,3.0,9.033284111,0.0,0.0,0.0,0.0,1.0,1.0,1.0,8.0,0.0,1.0,1.0,0.0,6.0
1.0,1.0,11.0,2.0,4.0,5.0,3.0,4.0,11.0,2.0,1.0,13.0,2.0,0.0,1.0,1.0,4.0,159.0,-2.0,-1.0,17.71449125,0.0,0.0,0.0,0.0,0.0,0.0,0.0,18.0,0.0,-1.0,1.0,0.0,2.0
1.0,1.0,11.0,2.0,4.0,3.0,3.0,4.0,11.0,-4.0,1.0,13.0,2.0,0.0,2.0,2.0,4.0,85.0,4.0,2.0,13.80299729,1.0,0.0,1.0,0.0,0.0,0.0,0.0,18.0,0.0,1.0,1.0,0.0,4.0
1.0,1.0,11.0,2.0,4.0,5.0,3.0,4.0,13.0,0.0,1.0,13.0,2.0,0.0,1.0,1.0,4.0,133.0,0.0,0.0,16.92349027,1.0,0.0,1.0,0.0,0.0,0.0,0.0,18.0,0.0,0.0,1.0,0.0,2.0
1.0,1.0,11.0,2.0,4.0,4.0,3.0,4.0,11.0,-2.0,1.0,13.0,2.0,0.0,1.0,1.0,4.0,131.0,2.0,1.0,16.85592881,1.0,0.0,1.0,0.0,0.0,0.0,0.0,18.0,0.0,1.0,1.0,0.0,2.0
1.0,1.0,11.0,2.0,4.0,5.0,3.0,4.0,11.0,0.0,1.0,13.0,2.0,0.0,1.0,1.0,4.0,133.0,0.0,0.0,16.92349027,1.0,0.0,1.0,0.0,0.0,0.0,0.0,18.0,0.0,0.0,1.0,0.0,2.0
1.0,1.0,11.0,2.0,4.0,4.0,3.0,4.0,13.0,-2.0,1.0,13.0,2.0,0.0,1.0,1.0,4.0,131.0,2.0,1.0,16.85592881,1.0,0.0,1.0,0.0,0.0,0.0,0.0,18.0,0.0,1.0,1.0,0.0,2.0
1.0,1.0,11.0,1.0,4.0,5.0,3.0,4.0,11.0,2.0,1.0,13.0,2.0,0.0,1.0,1.0,4.0,143.0,-2.0,-1.0,17.30740339,0.0,0.0,0.0,0.0,0.0,0.0,0.0,18.0,0.0,-1.0,1.0,0.0,2.0
1.0,1.0,11.0,1.0,4.0,4.0,3.0,4.0,11.0,0.0,1.0,13.0,1.0,0.0,1.0,1.0,4.0,97.0,0.0,0.0,13.73008256,0.0,0.0,0.0,0.0,0.0,0.0,0.0,18.0,0.0,0.0,1.0,0.0,2.0
1.0,1.0,11.0,3.0,4.0,3.0,3.0,4.0,11.0,-6.0,1.0,13.0,1.0,0.0,3.0,3.0,4.0,79.0,6.0,3.0,12.52009276,0.0,0.0,0.0,0.0,0.0,0.0,0.0,18.0,0.0,1.0,1.0,0.0,6.0
1.0,1.0,11.0,2.0,4.0,4.0,3.0,4.0,11.0,4.0,1.0,13.0,2.0,0.0,2.0,2.0,4.0,129.0,-4.0,-2.0,15.94234856,0.0,0.0,1.0,0.0,0.0,0.0,0.0,18.0,0.0,-1.0,1.0,0.0,4.0
1.0,1.0,11.0,1.0,4.0,5.0,3.0,4.0,11.0,0.0,1.0,13.0,2.0,0.0,1.0,1.0,4.0,209.0,0.0,0.0,20.22857001,0.0,0.0,1.0,0.0,0.0,0.0,0.0,18.0,0.0,0.0,1.0,0.0,2.0
1.0,1.0,11.0,1.0,4.0,5.0,3.0,4.0,11.0,2.0,1.0,13.0,2.0,0.0,1.0,1.0,4.0,191.0,-2.0,-1.0,19.51576318,0.0,0.0,1.0,0.0,0.0,0.0,0.0,18.0,0.0,-1.0,1.0,0.0,2.0
1.0,1.0,11.0,2.0,4.0,4.0,3.0,4.0,11.0,-2.0,1.0,13.0,2.0,0.0,1.0,1.0,4.0,139.0,2.0,1.0,17.33821351,1.0,0.0,0.0,0.0,0.0,0.0,0.0,18.0,0.0,1.0,1.0,0.0,2.0
1.0,1.0,11.0,2.0,4.0,4.0,3.0,4.0,11.0,-2.0,1.0,13.0,2.0,0.0,1.0,1.0,4.0,151.0,2.0,1.0,18.0173445,0.0,0.0,1.0,0.0,0.0,0.0,0.0,18.0,0.0,1.0,1.0,0.0,2.0
1.0,1.0,11.0,2.0,4.0,5.0,3.0,4.0,11.0,-2.0,2.0,13.0,2.0,0.0,1.0,1.0,4.0,135.0,2.0,1.0,16.92067721,0.0,0.0,0.0,0.0,0.0,0.0,0.0,18.0,0.0,1.0,1.0,0.0,2.0
1.0,1.0,11.0,2.0,4.0,4.0,3.0,4.0,11.0,-2.0,1.0,13.0,2.0,0.0,1.0,1.0,4.0,155.0,2.0,1.0,18.31109236,1.0,0.0,1.0,0.0,0.0,0.0,0.0,18.0,0.0,1.0,1.0,0.0,2.0
1.0,1.0,11.0,1.0,4.0,4.0,3.0,4.0,11.0,2.0,1.0,13.0,2.0,0.0,1.0,1.0,4.0,127.0,-2.0,-1.0,16.64937247,0.0,0.0,0.0,0.0,0.0,0.0,0.0,18.0,0.0,-1.0,1.0,0.0,2.0
1.0,1.0,11.0,2.0,4.0,5.0,3.0,4.0,11.0,-2.0,1.0,13.0,2.0,0.0,1.0,1.0,4.0,179.0,2.0,1.0,19.26434379,1.0,0.0,1.0,0.0,0.0,0.0,0.0,18.0,0.0,1.0,1.0,0.0,2.0
1.0,1.0,11.0,2.0,4.0,4.0,3.0,4.0,11.0,-2.0,1.0,13.0,2.0,0.0,1.0,1.0,1.0,147.0,2.0,1.0,17.89357303,1.0,0.0,1.0,0.0,0.0,0.0,0.0,18.0,0.0,1.0,1.0,0.0,2.0
1.0,1.0,11.0,1.0,4.0,5.0,3.0,4.0,11.0,0.0,1.0,13.0,2.0,0.0,1.0,1.0,4.0,181.0,0.0,0.0,19.3323266,1.0,0.0,1.0,0.0,0.0,0.0,0.0,18.0,0.0,0.0,1.0,0.0,2.0
1.0,1.0,11.0,2.0,4.0,5.0,3.0,4.0,11.0,0.0,1.0,13.0,2.0,0.0,1.0,1.0,4.0,205.0,0.0,0.0,20.20670676,1.0,0.0,1.0,0.0,0.0,0.0,0.0,18.0,0.0,0.0,1.0,0.0,2.0
1.0,1.0,11.0,1.0,4.0,5.0,3.0,4.0,11.0,0.0,1.0,13.0,2.0,0.0,1.0,1.0,4.0,145.0,0.0,0.0,17.55146137,0.0,0.0,0.0,0.0,0.0,0.0,0.0,18.0,0.0,0.0,1.0,0.0,2.0
1.0,1.0,11.0,2.0,4.0,5.0,3.0,4.0,11.0,2.0,1.0,13.0,2.0,0.0,1.0,1.0,4.0,199.0,-2.0,-1.0,19.83288385,0.0,0.0,1.0,0.0,0.0,0.0,0.0,18.0,0.0,-1.0,1.0,0.0,2.0
1.0,1.0,11.0,2.0,4.0,4.0,3.0,4.0,11.0,4.0,1.0,13.0,2.0,0.0,2.0,2.0,4.0,161.0,-4.0,-2.0,18.39428691,0.0,0.0,0.0,0.0,0.0,0.0,0.0,18.0,0.0,-1.0,1.0,0.0,4.0
1.0,1.0,11.0,2.0,4.0,4.0,2.0,4.0,11.0,4.0,1.0,13.0,1.0,0.0,2.0,2.0,4.0,105.0,-4.0,-2.0,13.5238474,0.0,0.0,0.0,0.0,0.0,0.0,0.0,8.0,0.0,-1.0,1.0,0.0,4.0
1.0,0.0,11.0,1.0,3.0,4.0,2.0,5.0,12.0,2.0,1.0,13.0,1.0,2.0,1.0,1.0,3.0,83.0,-2.0,-1.0,11.98377529,1.0,0.0,0.0,0.0,0.0,0.0,0.0,8.0,0.0,-1.0,1.0,0.0,2.0
1.0,1.0,11.0,3.0,4.0,3.0,2.0,4.0,11.0,-6.0,1.0,13.0,1.0,0.0,3.0,3.0,4.0,71.0,6.0,3.0,10.86554925,0.0,0.0,0.0,0.0,0.0,0.0,0.0,8.0,0.0,1.0,1.0,0.0,6.0
1.0,0.0,11.0,2.0,3.0,4.0,2.0,5.0,12.0,-4.0,1.0,13.0,1.0,2.0,2.0,2.0,3.0,93.0,4.0,2.0,12.82067922,1.0,0.0,0.0,0.0,0.0,0.0,0.0,8.0,0.0,1.0,1.0,0.0,4.0
1.0,0.0,11.0,2.0,3.0,3.0,2.0,5.0,12.0,-4.0,1.0,13.0,1.0,2.0,2.0,2.0,3.0,61.0,4.0,2.0,10.12933366,1.0,0.0,0.0,0.0,0.0,0.0,0.0,8.0,0.0,1.0,1.0,0.0,4.0
1.0,0.0,11.0,1.0,2.0,4.0,2.0,6.0,13.0,-2.0,1.0,13.0,1.0,2.0,1.0,1.0,2.0,79.0,2.0,1.0,11.89407865,0.0,0.0,0.0,0.0,0.0,0.0,0.0,8.0,0.0,1.0,1.0,0.0,2.0
1.0,1.0,11.0,2.0,4.0,5.0,3.0,4.0,11.0,-2.0,2.0,13.0,2.0,0.0,1.0,1.0,4.0,171.0,2.0,1.0,18.95783376,1.0,0.0,1.0,0.0,0.0,0.0,0.0,18.0,0.0,1.0,1.0,0.0,2.0
1.0,1.0,11.0,2.0,4.0,5.0,3.0,4.0,11.0,0.0,1.0,13.0,2.0,0.0,1.0,1.0,4.0,157.0,0.0,0.0,18.2725218,1.0,0.0,1.0,0.0,0.0,0.0,0.0,18.0,0.0,0.0,1.0,0.0,2.0
1.0,1.0,11.0,2.0,4.0,4.0,3.0,4.0,11.0,0.0,1.0,13.0,2.0,0.0,0.0,0.0,0.0,121.0,0.0,0.0,15.85824766,0.0,0.0,1.0,0.0,0.0,0.0,0.0,18.0,0.0,0.0,1.0,0.0,1.0
1.0,1.0,11.0,1.0,4.0,5.0,3.0,4.0,11.0,0.0,1.0,13.0,2.0,0.0,0.0,0.0,0.0,169.0,0.0,0.0,18.68933009,0.0,0.0,0.0,0.0,0.0,0.0,0.0,18.0,0.0,0.0,1.0,0.0,1.0
1.0,1.0,11.0,2.0,4.0,3.0,3.0,4.0,11.0,4.0,1.0,13.0,2.0,0.0,2.0,2.0,4.0,89.0,-4.0,-2.0,14.41868438,0.0,0.0,0.0,0.0,0.0,0.0,0.0,18.0,0.0,-1.0,1.0,0.0,4.0
1.0,0.0,11.0,2.0,2.0,3.0,2.0,6.0,13.0,0.0,1.0,13.0,1.0,2.0,1.0,1.0,2.0,65.0,0.0,0.0,10.27509928,0.0,0.0,0.0,0.0,0.0,0.0,0.0,8.0,0.0,0.0,1.0,0.0,2.0
1.0,0.0,11.0,4.0,4.0,3.0,2.0,3.0,12.0,-8.0,1.0,13.0,1.0,2.0,4.0,4.0,4.0,49.0,8.0,4.0,8.78087299,0.0,0.0,0.0,0.0,1.0,1.0,1.0,8.0,0.0,1.0,1.0,0.0,8.0
1.0,0.0,11.0,3.0,3.0,4.0,2.0,4.0,13.0,-6.0,1.0,13.0,1.0,2.0,3.0,3.0,3.0,75.0,6.0,3.0,11.73380311,1.0,0.0,0.0,0.0,1.0,1.0,1.0,8.0,0.0,1.0,1.0,0.0,6.0
1.0,0.0,11.0,3.0,3.0,3.0,2.0,4.0,13.0,-6.0,1.0,13.0,1.0,2.0,3.0,3.0,3.0,55.0,6.0,3.0,10.11714124,0.0,0.0,0.0,0.0,1.0,1.0,1.0,8.0,0.0,1.0,1.0,0.0,6.0
1.0,1.0,11.0,2.0,4.0,4.0,3.0,4.0,11.0,-4.0,1.0,13.0,2.0,0.0,2.0,2.0,4.0,145.0,4.0,2.0,17.56001205,0.0,0.0,0.0,0.0,0.0,0.0,0.0,18.0,0.0,1.0,1.0,0.0,4.0
1.0,1.0,11.0,2.0,4.0,5.0,3.0,4.0,11.0,0.0,1.0,13.0,2.0,0.0,1.0,1.0,4.0,185.0,0.0,0.0,19.32426373,0.0,0.0,1.0,0.0,0.0,0.0,0.0,18.0,0.0,0.0,1.0,0.0,2.0
1.0,1.0,11.0,1.0,4.0,5.0,3.0,4.0,11.0,0.0,1.0,13.0,2.0,0.0,1.0,1.0,4.0,165.0,0.0,0.0,18.52526402,1.0,0.0,0.0,0.0,0.0,0.0,0.0,18.0,0.0,0.0,1.0,0.0,2.0
1.0,0.0,11.0,4.0,4.0,3.0,2.0,3.0,12.0,-8.0,1.0,13.0,1.0,2.0,4.0,4.0,4.0,45.0,8.0,4.0,8.423244315,1.0,0.0,0.0,0.0,1.0,1.0,1.0,8.0,0.0,1.0,1.0,0.0,8.0
1.0,0.0,11.0,3.0,3.0,2.0,2.0,4.0,13.0,-6.0,1.0,13.0,1.0,2.0,3.0,3.0,3.0,31.0,6.0,3.0,6.102803165,0.0,0.0,0.0,0.0,1.0,1.0,1.0,8.0,0.0,1.0,1.0,0.0,6.0
1.0,0.0,11.0,4.0,4.0,2.0,2.0,3.0,12.0,-8.0,1.0,13.0,1.0,2.0,4.0,4.0,4.0,25.0,8.0,4.0,5.140206563,0.0,0.0,0.0,0.0,1.0,1.0,1.0,8.0,0.0,1.0,1.0,0.0,8.0
1.0,0.0,11.0,4.0,3.0,3.0,2.0,4.0,13.0,-6.0,1.0,13.0,1.0,2.0,3.0,3.0,3.0,51.0,6.0,3.0,9.83267992,1.0,0.0,0.0,0.0,1.0,1.0,1.0,8.0,0.0,1.0,1.0,0.0,6.0
1.0,1.0,11.0,5.0,5.0,1.0,2.0,2.0,11.0,-10.0,1.0,13.0,1.0,0.0,5.0,5.0,5.0,11.0,10.0,5.0,0.0,1.0,0.0,0.0,1.0,1.0,1.0,1.0,8.0,1.0,1.0,1.0,0.0,10.0
0.0,1.0,11.0,2.0,4.0,3.0,3.0,4.0,11.0,-4.0,1.0,10.0,2.0,0.0,2.0,2.0,4.0,21.0,4.0,2.0,9.27292053,1.0,1.0,0.0,0.0,0.0,0.0,0.0,18.0,0.0,1.0,0.0,1.0,4.0
